open;high;low;close;volume;marketCap;timestamp
0.00055877602426;0.0009038830176;0.0002896010119;0.00029788099346;0;1960300.3178;"2013-12-15T23:59:59.999Z"
0.00039505399764;0.00151967001148;0.0003283029946;0.00116248999257;0;11150339.2183;"2013-12-19T23:59:59.999Z"
0.00045048099128;0.00091304897796;0.00045048099128;0.00068554701284;0;9075937.82287;"2013-12-24T23:59:59.999Z"
0.00045867200242;0.0004924290115;0.00039893199573;0.0004544800031;360974;7634717.16966;"2013-12-29T23:59:59.999Z"
0.00044859500485;0.00044859500485;0.00033056200482;0.0003530519898;318037;6935467.09731;"2014-01-02T23:59:59.999Z"
0.0002552010119;0.00028365600156;0.00021972099785;0.00022456000443;212892;5198193.35025;"2014-01-07T23:59:59.999Z"
0.00035864399979;0.00037487898953;0.00032272099634;0.00034528799006;296158;9207367.91121;"2014-01-12T23:59:59.999Z"
0.00041293899994;0.00043137499597;0.00037046699435;0.00038439000491;483679;11370074.0545;"2014-01-16T23:59:59.999Z"
0.00125229998957;0.00233483989723;0.00125229998957;0.00181420997251;13114300;60303237.8248;"2014-01-21T23:59:59.999Z"
0.0018439500127;0.00186952005606;0.0014982400462;0.0015935000265;4570820;58716636.9341;"2014-01-26T23:59:59.999Z"
0.00160247995518;0.00160290999338;0.00144387001637;0.00152339995839;2168880;60519608.8099;"2014-01-30T23:59:59.999Z"
0.00126861000899;0.00128944998141;0.00112152996007;0.00116063002497;2569440;50249778.3937;"2014-02-04T23:59:59.999Z"
0.0010774199618;0.00129070994444;0.00105592003092;0.00129070994444;2538170;60542650.41;"2014-02-09T23:59:59.999Z"
0.00181730999611;0.00186232000124;0.00157194002531;0.00157195003703;5636470;78282793.6985;"2014-02-13T23:59:59.999Z"
0.00134618999436;0.00142596999649;0.00131027004682;0.00142596999649;2027290;73586049.0138;"2014-02-18T23:59:59.999Z"
0.00127979996614;0.00129905005451;0.0011731099803;0.00118508003652;2818150;63278066.5977;"2014-02-23T23:59:59.999Z"
0.00119257997721;0.00121875002515;0.00112159003038;0.001159169944;1492960;63563005.4186;"2014-02-27T23:59:59.999Z"
0.00109902000986;0.00110601994675;0.0010114699835;0.00104400003329;3778550;59105822.7364;"2014-03-04T23:59:59.999Z"
0.00083115202142;0.00088244397193;0.0008207160281;0.00087119400268;1444630;50869813.081;"2014-03-09T23:59:59.999Z"
0.00086841802113;0.00089039601153;0.00085556600243;0.00086663197726;991836;52133751.9894;"2014-03-14T23:59:59.999Z"
0.00077927997336;0.00077927997336;0.00075736601138;0.00076679699123;1148100;47182779.3379;"2014-03-18T23:59:59.999Z"
0.00068623101106;0.00074459501775;0.0006715710042;0.00074382097227;882613;47012121.0642;"2014-03-23T23:59:59.999Z"
0.00045320700156;0.00056398997549;0.00044323899783;0.00051869801246;2114930;33639142.7395;"2014-03-28T23:59:59.999Z"
0.00050625501899;0.00055430998327;0.00050242897123;0.00053704500897;845770;35541929.4276;"2014-04-01T23:59:59.999Z"
0.00046735399519;0.00047993400949;0.0004527530109;0.00045993900858;701008;31183539.461;"2014-04-06T23:59:59.999Z"
0.00034735200461;0.00044012800208;0.00034077599412;0.00044012800208;1096790;30552383.8262;"2014-04-11T23:59:59.999Z"
0.0004606420116;0.00058782700216;0.0004569219891;0.00058743602131;2503670;41542470.5605;"2014-04-15T23:59:59.999Z"
0.00064638600452;0.00066420802614;0.0006259480142;0.00062850798713;1089990;45497406.1929;"2014-04-20T23:59:59.999Z"
0.00058674399043;0.00058819900732;0.00044645700837;0.00047623200226;4732600;35272015.0325;"2014-04-25T23:59:59.999Z"
0.00048251199769;0.0005030100001;0.00047833498684;0.00049478397705;1302450;37188481.472;"2014-04-29T23:59:59.999Z"
0.00046269400627;0.00047330700909;0.00045187398791;0.00046820798889;560527;35579321.3538;"2014-05-04T23:59:59.999Z"
0.00047062599333;0.0004965729895;0.0004675789969;0.00049384700833;860285;37938150.1978;"2014-05-09T23:59:59.999Z"
0.00045334300376;0.0004856660089;0.00044821100892;0.00044937100029;484512;34818973.8689;"2014-05-13T23:59:59.999Z"
0.00045235099969;0.00045495899394;0.0004459519987;0.00044859299669;321137;35125193.9899;"2014-05-18T23:59:59.999Z"
0.00042253299034;0.00044321198948;0.00039241599734;0.00041302799946;939662;32665535.2023;"2014-05-23T23:59:59.999Z"
0.00039692100836;0.00042215699796;0.00039357400965;0.00039870498586;898635;31844196.4635;"2014-05-28T23:59:59.999Z"
0.00033939900459;0.00043135599117;0.00033546000486;0.00040265498683;1715410;32411546.6432;"2014-06-01T23:59:59.999Z"
0.00035936100176;0.00036533700768;0.00035232701339;0.00036206899676;542879;29429677.2106;"2014-06-06T23:59:59.999Z"
0.00038293100079;0.00043455400737;0.00038013901212;0.00042034301441;1322230;34495482.0569;"2014-06-11T23:59:59.999Z"
0.00037605001125;0.00038091200986;0.00036420399556;0.00037361201248;289056;30894939.9479;"2014-06-15T23:59:59.999Z"
0.00035709500662;0.00035872700391;0.00035036800546;0.00035278400173;343110;29457140.0483;"2014-06-20T23:59:59.999Z"
0.00031040998874;0.00031040998874;0.00026415599859;0.00026915498893;301853;22692210.9959;"2014-06-25T23:59:59.999Z"
0.00027538198628;0.00027860500268;0.0002676800068;0.00027050499921;248181;22979319.871;"2014-06-29T23:59:59.999Z"
0.00021895200189;0.00024496001424;0.00021743899561;0.00023449900618;415581;20109656.443;"2014-07-04T23:59:59.999Z"
0.00026114701177;0.0002871209872;0.00025276199449;0.0002749080013;652666;23792520.4727;"2014-07-09T23:59:59.999Z"
0.00027443299768;0.00027443299768;0.00026607199106;0.00027032100479;287834;23560761.0709;"2014-07-13T23:59:59.999Z"
0.00025985299726;0.00026062098914;0.00024664899684;0.00024722499074;366333;21678731.4946;"2014-07-18T23:59:59.999Z"
0.00022052999702;0.00022579400684;0.00021795500652;0.00022490099946;245097;19810084.9737;"2014-07-23T23:59:59.999Z"
0.00020806799876;0.00022003700724;0.00020620900614;0.0002169310028;281078;19176772.1504;"2014-07-27T23:59:59.999Z"
0.00020926599973;0.00021417200333;0.00020731499535;0.00021089799702;162768;18721313.9711;"2014-08-01T23:59:59.999Z"
0.00018866099708;0.00019162100216;0.00017686000501;0.00017805599782;236519;15874075.893;"2014-08-06T23:59:59.999Z"
0.0001595789945;0.00016616799985;0.00014330699923;0.0001438909967;206929;12882862.146;"2014-08-11T23:59:59.999Z"
0.00014551199274;0.00014714800636;0.00011663899932;0.00012047500059;349005;10822882.6216;"2014-08-15T23:59:59.999Z"
0.00011425100092;0.00013188899902;0.00011352999718;0.00013034700532;260171;11758802.1415;"2014-08-20T23:59:59.999Z"
0.00012627799879;0.00012630400306;0.00011151299987;0.00011266899674;366814;10208034.0652;"2014-08-25T23:59:59.999Z"
0.00013198099623;0.00013312199735;0.00012578499445;0.00012926000636;136449;11751605.2036;"2014-08-29T23:59:59.999Z"
0.00013203499839;0.0001401979971;0.00013203499839;0.00013983799727;149367;12767048.7649;"2014-09-03T23:59:59.999Z"
0.00018810499751;0.00018912300584;0.00016520700592;0.00017538999964;726929;16078523.3093;"2014-09-08T23:59:59.999Z"
0.00020274199778;0.00020631799998;0.00019516299653;0.00020539299294;506222;18893403.9962;"2014-09-12T23:59:59.999Z"
0.00029302699841;0.00029872599407;0.00026018399512;0.00026809200062;1463600;24727122.561;"2014-09-17T23:59:59.999Z"
0.00028818901046;0.00030121899908;0.00028543599183;0.00029829901177;620222;27513226.5522;"2014-09-22T23:59:59.999Z"
0.00037387901102;0.00046733699855;0.00037291800254;0.00045075098751;4722610;42007278.001;"2014-09-26T23:59:59.999Z"
0.00039953799569;0.00040564400842;0.00037083399366;0.00037112299469;1031360;34745106.3357;"2014-10-01T23:59:59.999Z"
0.00027205201332;0.00031291900086;0.00026152099599;0.00029791999259;1317300;27963750.9926;"2014-10-06T23:59:59.999Z"
0.00029307900695;0.00029563999851;0.00027085401234;0.00027085401234;513973;25469969.5335;"2014-10-10T23:59:59.999Z"
0.00028542699874;0.00028558500344;0.00025933899451;0.0002682429913;815956;25281468.8743;"2014-10-15T23:59:59.999Z"
0.00024300000223;0.00024376700458;0.00022278999677;0.00023178799893;581790;21895507.4828;"2014-10-20T23:59:59.999Z"
0.00025092498981;0.00025215701316;0.00024384900462;0.00024637198658;222909;23325394.1405;"2014-10-25T23:59:59.999Z"
0.00025493899011;0.00025513599394;0.00024045999453;0.00024212099379;286187;22964308.5502;"2014-10-29T23:59:59.999Z"
0.00022066000383;0.00022865300707;0.00021420199482;0.00021644499793;281158;20575533.8855;"2014-11-03T23:59:59.999Z"
0.00022018399613;0.0002204199991;0.00021510900115;0.00021788600134;254706;20759206.042;"2014-11-08T23:59:59.999Z"
0.00022385899501;0.00024794600904;0.00022319299751;0.00024307100102;573687;23200262.8392;"2014-11-12T23:59:59.999Z"
0.00022486899979;0.00023294899438;0.00022213099874;0.00022387999343;261137;21416747.279;"2014-11-17T23:59:59.999Z"
0.00020968199533;0.00021995299903;0.00020847699489;0.00021369199385;297791;20487722.1085;"2014-11-22T23:59:59.999Z"
0.00024334900081;0.00024334900081;0.00023121299455;0.00023224999313;399806;22306910.0908;"2014-11-26T23:59:59.999Z"
0.00024133099942;0.00024448399199;0.00023953999334;0.00024153900449;301617;23250666.5721;"2014-12-01T23:59:59.999Z"
0.00023338099709;0.00023519199749;0.00022846300271;0.00022954300221;423224;22144531.2618;"2014-12-06T23:59:59.999Z"
0.00020779999613;0.00021788799495;0.00020627600315;0.00020873900212;415692;20173308.1219;"2014-12-10T23:59:59.999Z"
0.00019457499729;0.0001963370014;0.00018783500127;0.00018820499827;485346;18223585.6124;"2014-12-15T23:59:59.999Z"
0.0001941369992;0.00021191600536;0.0001922770025;0.00020572700305;700302;19942183.5204;"2014-12-20T23:59:59.999Z"
0.0001957219938;0.00019678700482;0.00018941200688;0.00019016599981;305209;18450025.4827;"2014-12-24T23:59:59.999Z"
0.00018321299285;0.00018626599922;0.00017840199871;0.00018151500262;403468;17636256.4665;"2014-12-29T23:59:59.999Z"
0.00018411400379;0.00018562699552;0.00016744699678;0.00016744699678;285574;16287305.6535;"2015-01-03T23:59:59.999Z"
0.00016715600214;0.00017536600353;0.00016553000023;0.00017318899336;383032;16860650.9486;"2015-01-07T23:59:59.999Z"
0.00016038400645;0.00016192600015;0.00015614200674;0.00015614200674;364158;15217787.739;"2015-01-12T23:59:59.999Z"
0.00014150500647;0.00014282499615;0.0001324420009;0.00013487400429;251985;13158146.3651;"2015-01-17T23:59:59.999Z"
0.00015307399735;0.00015894400713;0.00015279400395;0.00015509199875;386500;15148887.0176;"2015-01-22T23:59:59.999Z"
0.00016683099966;0.00018436400569;0.00016178199439;0.00016329799837;667846;15964561.2323;"2015-01-26T23:59:59.999Z"
0.00014256300346;0.00014647400531;0.00013807699725;0.00013911600399;237750;13615064.4248;"2015-01-31T23:59:59.999Z"
0.00014712200209;0.00015188800171;0.00014028999431;0.00014211599773;153575;13923847.894;"2015-02-05T23:59:59.999Z"
0.00014106500021;0.00014259999443;0.00013775299885;0.00014023800031;65261;13751877.3645;"2015-02-09T23:59:59.999Z"
0.00014262400509;0.00015242300287;0.00014262400509;0.00015062499733;144726;14786600.7659;"2015-02-14T23:59:59.999Z"
0.00014298400492;0.00014685100177;0.00014144100714;0.00014579399431;36737.3;14321731.0609;"2015-02-19T23:59:59.999Z"
0.00014123199799;0.00014344199735;0.00013927099644;0.00014208699577;42881.5;13957582.6252;"2015-02-23T23:59:59.999Z"
0.00014630600344;0.00014725400251;0.00014227299835;0.00014493300114;65451.9;14267558.6625;"2015-02-28T23:59:59.999Z"
0.00014331200509;0.00014510200708;0.00013944800594;0.00014128000475;91110.3;13917211.8224;"2015-03-05T23:59:59.999Z"
0.00013961299555;0.00014471700706;0.00013929000124;0.00014356800239;61623.3;14148744.3349;"2015-03-09T23:59:59.999Z"
0.00014095699589;0.00014448000002;0.00013994099572;0.00014351100253;96005.9;14152409.6691;"2015-03-14T23:59:59.999Z"
0.00013301700528;0.00013733300148;0.00012841899297;0.00013280700659;111357;13106533.3866;"2015-03-19T23:59:59.999Z"
0.00013352700626;0.00013885699445;0.00013138400391;0.00013681799464;147271;13509393.1872;"2015-03-23T23:59:59.999Z"
0.00012842500291;0.00013356500131;0.00012827600585;0.00013070000568;42769.9;12913771.4475;"2015-03-28T23:59:59.999Z"
0.00012797200179;0.00013011699775;0.00012596600573;0.00012929399963;32332.9;12783219.551;"2015-04-02T23:59:59.999Z"
0.00012370799959;0.00012406099995;0.00012019200221;0.00012190800044;37380.7;12060793.2837;"2015-04-07T23:59:59.999Z"
0.00011299899779;0.00011515899678;0.00011168100173;0.00011381699733;33858;11266172.7118;"2015-04-11T23:59:59.999Z"
0.00010521499644;0.00010848500096;0.00010413300333;0.0001077449997;51136.6;10672085.5439;"2015-04-16T23:59:59.999Z"
0.00010610999743;0.00011050399917;0.00010426800145;0.00011050399917;49792.4;10952477.4566;"2015-04-21T23:59:59.999Z"
0.00010538499919;0.00010671999917;0.00010187600128;0.00010319599824;35263.7;10233452.4787;"2015-04-25T23:59:59.999Z"
0.00009878270066;0.00010452699644;0.00009772239719;0.00010346600175;121523;10266864.2539;"2015-04-30T23:59:59.999Z"
0.00008899530076;0.00008992209769;0.00008752429858;0.000089205103;63171.7;8857445.78251;"2015-05-05T23:59:59.999Z"
0.00009189340199;0.00009377890092;0.00009012119699;0.00009179570043;38433.7;9119362.44218;"2015-05-09T23:59:59.999Z"
0.00010832399857;0.00011706700025;0.00010514700261;0.00011419600196;198466;11352058.7421;"2015-05-14T23:59:59.999Z"
0.0001160009997;0.00012239499483;0.00011354900198;0.00011963800353;189787;11900743.7426;"2015-05-19T23:59:59.999Z"
0.00013793099788;0.00015059500583;0.00013420400501;0.00013642599515;382628;13577747.4163;"2015-05-23T23:59:59.999Z"
0.00018399799592;0.00020240200683;0.00017772699357;0.00019178600633;918951;19099594.0491;"2015-05-28T23:59:59.999Z"
0.00014273899433;0.00016536400653;0.00013551600568;0.00015983599587;809592;15927850.2266;"2015-06-02T23:59:59.999Z"
0.00015314600023;0.00015898300626;0.00015184200311;0.00015765200078;147434;15718289.3166;"2015-06-06T23:59:59.999Z"
0.00015719600196;0.0001604900026;0.00015589900431;0.00016024800425;121304;15985789.6739;"2015-06-11T23:59:59.999Z"
0.00016984299873;0.00019947400142;0.00016935600433;0.00019843000337;782771;19808713.7232;"2015-06-16T23:59:59.999Z"
0.00021069200011;0.00021750699671;0.00020408400451;0.00020905499696;345750;20882581.3709;"2015-06-21T23:59:59.999Z"
0.00017910399765;0.00018675799947;0.0001709759963;0.00018578200252;314154;18557832.782;"2015-06-25T23:59:59.999Z"
0.00021474600362;0.00021554899286;0.00019793900719;0.00019875699945;470230;19876570.4112;"2015-06-30T23:59:59.999Z"
0.00019136699848;0.00019508499827;0.00018641499628;0.00019382699975;241753;19395767.9339;"2015-07-05T23:59:59.999Z"
0.00018855299277;0.00020607700571;0.00018714100588;0.00019547900592;667083;19570320.56;"2015-07-09T23:59:59.999Z"
0.00019987300038;0.00020015999326;0.00019345899636;0.00019355700351;200217;19390691.8386;"2015-07-14T23:59:59.999Z"
0.0001769149967;0.00017949999892;0.00016598000366;0.00016872500419;158401;16913543.0855;"2015-07-19T23:59:59.999Z"
0.000183311;0.00018654900487;0.00017650400696;0.0001782259933;154598;17875303.1853;"2015-07-23T23:59:59.999Z"
0.00018856700626;0.00019013699784;0.00018565299979;0.00018842999998;110059;18910959.8687;"2015-07-28T23:59:59.999Z"
0.00017506399308;0.00017506399308;0.00016877400049;0.00017248099903;112603;17321531.0031;"2015-08-02T23:59:59.999Z"
0.00017337499594;0.0001754440018;0.00016643000708;0.00016845000209;88242.9;16925496.5599;"2015-08-06T23:59:59.999Z"
0.00015993199486;0.00016366000636;0.00015993199486;0.00016366000636;121884;16454875.9749;"2015-08-11T23:59:59.999Z"
0.00015417499526;0.00015513399558;0.00014518199896;0.0001477390033;163777;14863632.3756;"2015-08-16T23:59:59.999Z"
0.0001308840001;0.00013969799329;0.0001308840001;0.00013892400602;69654.3;13983908.4354;"2015-08-20T23:59:59.999Z"
0.00012509099906;0.00013080899953;0.00011885399726;0.00012866100587;122066;12959248.5616;"2015-08-25T23:59:59.999Z"
0.00013088800188;0.00013305099856;0.00012748700101;0.00012907899509;45346.7;13009746.7501;"2015-08-30T23:59:59.999Z"
0.00012309200247;0.00012539800082;0.0001228100009;0.00012511400564;28795.3;12618260.7343;"2015-09-04T23:59:59.999Z"
0.00012944900664;0.00013296300313;0.00012848699407;0.00013146200217;69138.4;13265307.9868;"2015-09-08T23:59:59.999Z"
0.00012735300697;0.00012855199748;0.00012295799388;0.00012580399925;40889.1;12702641.7462;"2015-09-13T23:59:59.999Z"
0.00012506700295;0.00012722899555;0.00012460800644;0.00012651999714;44007.9;12783260.7672;"2015-09-18T23:59:59.999Z"
0.00012978599989;0.00013083399972;0.00012406099995;0.00012598199828;114475;12735504.8289;"2015-09-22T23:59:59.999Z"
0.00012312100444;0.00012323999545;0.00011989400082;0.00012171400158;29422;12312037.1538;"2015-09-27T23:59:59.999Z"
0.00012281400268;0.00012365799921;0.00012086499919;0.00012265100668;27636.4;12414857.3794;"2015-10-02T23:59:59.999Z"
0.00011820300278;0.00012270100706;0.00011701799667;0.00012137099839;41813.9;12291959.2404;"2015-10-06T23:59:59.999Z"
0.00011850900046;0.00012133199925;0.00011773699953;0.00012044100004;16694.8;12206138.829;"2015-10-11T23:59:59.999Z"
0.0001197140009;0.00012173400319;0.00011706700025;0.00012077399879;54065.5;12248249.844;"2015-10-16T23:59:59.999Z"
0.0001187529997;0.0001204930013;0.0001176730002;0.00011849399743;24463.2;12023676.0174;"2015-10-20T23:59:59.999Z"
0.00011420199735;0.00011889699817;0.00011399500363;0.00011555299716;43289.9;11732819.3382;"2015-10-25T23:59:59.999Z"
0.00014126200404;0.00016560200311;0.00013889999536;0.00015085999621;482992;15328260.9308;"2015-10-30T23:59:59.999Z"
0.0001473309967;0.00015963200713;0.00014405400725;0.00015586000518;479260;15844939.8985;"2015-11-03T23:59:59.999Z"
0.0001444100053;0.00014482099505;0.00013403499906;0.00013604099513;98767.1;13839458.6846;"2015-11-08T23:59:59.999Z"
0.00013029799447;0.00013290499919;0.00012685700494;0.0001295270049;60004.5;13185784.1104;"2015-11-13T23:59:59.999Z"
0.00013250099437;0.00013514999591;0.00012968099327;0.00013502499496;72827.4;13754847.8237;"2015-11-18T23:59:59.999Z"
0.00013133299944;0.00013360599405;0.00012702700042;0.00012793600035;40285.3;13039819.5993;"2015-11-22T23:59:59.999Z"
0.00013243500143;0.00013604700507;0.00012987600348;0.00013292999938;48351.2;13558094.9126;"2015-11-27T23:59:59.999Z"
0.00012779500685;0.00013237599342;0.00012380699627;0.00013008399401;99647.7;13276846.2586;"2015-12-02T23:59:59.999Z"
0.0001302640012;0.00013363700418;0.00012611800048;0.00012757899822;145274;13028403.6551;"2015-12-06T23:59:59.999Z"
0.00013910299458;0.00015305199486;0.00013827599469;0.0001498789934;344576;15316650.1614;"2015-12-11T23:59:59.999Z"
0.00015012400399;0.00015553699632;0.00014608399943;0.00015007700131;219391;15345382.9886;"2015-12-16T23:59:59.999Z"
0.00015223599621;0.00015249999706;0.00014065699361;0.0001433169964;171565;14662211.6779;"2015-12-20T23:59:59.999Z"
0.00014845299302;0.00015208100376;0.00014610099606;0.00014707300579;175660;15056808.5806;"2015-12-25T23:59:59.999Z"
0.00015568399976;0.00015715899644;0.00014871399617;0.00015257199993;124837;15630435.3969;"2015-12-30T23:59:59.999Z"
0.00014864400146;0.00015033999807;0.00014265600475;0.00014575899695;104005;14940643.0263;"2016-01-03T23:59:59.999Z"
0.00013992600725;0.0001582900004;0.00013781200687;0.0001582900004;306716;16237239.695;"2016-01-08T23:59:59.999Z"
0.00017906399444;0.00018401000125;0.00017585100431;0.00017709399981;302111;18178710.822;"2016-01-13T23:59:59.999Z"
0.00015542800247;0.00015639999765;0.00015003800218;0.00015215300664;64727.9;15626966.3381;"2016-01-17T23:59:59.999Z"
0.00016268200125;0.00018382100097;0.00016053799482;0.00016824599879;485854;17291503.2714;"2016-01-22T23:59:59.999Z"
0.00035741401371;0.00049620802747;0.00034854499972;0.00045507599134;5266350;46802273.7653;"2016-01-27T23:59:59.999Z"
0.0002587850031;0.00031759499689;0.00021383700368;0.00027703199885;1750220;28502888.1994;"2016-01-31T23:59:59.999Z"
0.00028494300204;0.00030924999737;0.00028262101114;0.00030549798976;474776;31456869.1463;"2016-02-05T23:59:59.999Z"
0.00029063699185;0.00030419998802;0.00028956599999;0.00029808000545;266304;30713629.5385;"2016-02-10T23:59:59.999Z"
0.00030131501262;0.00030241400236;0.00029449199792;0.0002981259895;286649;30738910.1918;"2016-02-15T23:59:59.999Z"
0.00027758799843;0.00030173099367;0.00027693799348;0.00029682999593;419137;30621595.6318;"2016-02-19T23:59:59.999Z"
0.00027941100416;0.0002830910089;0.00027339698863;0.00027756099007;134062;28652959.1358;"2016-02-24T23:59:59.999Z"
0.00025442699553;0.00025831200765;0.00024831699557;0.00024972201209;157905;25795284.9122;"2016-02-29T23:59:59.999Z"
0.00024566799402;0.00024691599538;0.00023725999927;0.00023848700221;135462;24647887.4638;"2016-03-04T23:59:59.999Z"
0.00021945200569;0.00023088499438;0.00021759100491;0.00022999699286;212405;23786368.0077;"2016-03-09T23:59:59.999Z"
0.00024077900162;0.00024575399584;0.00023449599394;0.0002382590028;210586;24657385.4129;"2016-03-14T23:59:59.999Z"
0.00022145100229;0.00022360800358;0.00020709799719;0.00020945600409;232018;21688162.697;"2016-03-18T23:59:59.999Z"
0.0002162669989;0.00021679099882;0.00020930799656;0.00021181900229;155957;21947507.9659;"2016-03-23T23:59:59.999Z"
0.0002146110055;0.00021876599931;0.00021346399444;0.00021532199753;142163;22325378.9491;"2016-03-28T23:59:59.999Z"
0.00023299899476;0.00023299899476;0.00022077299946;0.00022418799927;151122;23257020.0284;"2016-04-01T23:59:59.999Z"
0.00021593300335;0.00021956200362;0.00021382000705;0.0002164739999;127899;22471696.6901;"2016-04-06T23:59:59.999Z"
0.00020276599389;0.00021450300119;0.00020150899945;0.00021430100605;173354;22261051.6744;"2016-04-11T23:59:59.999Z"
0.00023148200125;0.0002359200007;0.00022754099336;0.00023258599686;131113;24173324.1944;"2016-04-15T23:59:59.999Z"
0.00022174099286;0.00022730800265;0.00022143799288;0.00022615300259;108274;23520402.1502;"2016-04-20T23:59:59.999Z"
0.00022782500309;0.00023125500593;0.00022394899861;0.00022737099789;200268;23662860.9444;"2016-04-25T23:59:59.999Z"
0.00022621499375;0.0002305819944;0.00022488000104;0.0002255319996;78879.7;23484893.01;"2016-04-30T23:59:59.999Z"
0.00022636700305;0.00022806000197;0.00022373099637;0.00022517000616;71238.7;23461215.6597;"2016-05-04T23:59:59.999Z"
0.00022233900381;0.00022497300233;0.00021989799279;0.00022356900445;75340.2;23309797.9441;"2016-05-09T23:59:59.999Z"
0.0002358960046;0.00023700100428;0.00022851300309;0.0002314279991;142382;24145165.3721;"2016-05-14T23:59:59.999Z"
0.00022607299616;0.00022867800726;0.0002244500065;0.00022797100246;83520.3;23797083.8511;"2016-05-18T23:59:59.999Z"
0.00022238500242;0.00022629699379;0.00022207500297;0.00022512899886;56105.1;23516070.0603;"2016-05-23T23:59:59.999Z"
0.0002296820021;0.00023820300703;0.00022838100267;0.0002367959969;364972;24750004.2913;"2016-05-28T23:59:59.999Z"
0.00023121299455;0.00023498300288;0.0002262689959;0.00023357800092;113517;24426563.1401;"2016-06-01T23:59:59.999Z"
0.00023639800202;0.00023774300644;0.00023304100614;0.00023552900529;112362;24646841.8635;"2016-06-06T23:59:59.999Z"
0.00026135199005;0.00026226398768;0.00024941298761;0.00025274298969;199328;26465644.7568;"2016-06-11T23:59:59.999Z"
0.00031963700894;0.00033033199725;0.00030934999813;0.00031260200194;363588;32751041.6562;"2016-06-15T23:59:59.999Z"
0.00033728301059;0.00034208598663;0.00032170399209;0.00032323299092;516209;33886192.2271;"2016-06-20T23:59:59.999Z"
0.00028283099527;0.00029675400583;0.00027399399551;0.0002836509957;338125;29756219.8444;"2016-06-25T23:59:59.999Z"
0.00029754600837;0.00030053401133;0.00028393301181;0.00029586200253;351281;31053958.6385;"2016-06-29T23:59:59.999Z"
0.00028352701338;0.0002915179939;0.00028013798874;0.0002893480123;181751;30390261.5866;"2016-07-04T23:59:59.999Z"
0.0002755089954;0.00027870800113;0.00026506898575;0.0002703150094;146328;28409945.3422;"2016-07-09T23:59:59.999Z"
0.00026314900606;0.00026739100576;0.00025900799665;0.0002620810119;161058;27562656.2701;"2016-07-14T23:59:59.999Z"
0.00026332400739;0.00026345899096;0.0002508139878;0.0002523479925;232515;26552995.5993;"2016-07-18T23:59:59.999Z"
0.000237344997;0.00025065301452;0.00023234999389;0.00025065301452;328851;26392088.9634;"2016-07-23T23:59:59.999Z"
0.00023473099282;0.00023978699755;0.00023306399817;0.00023799999326;84121.7;25076243.5612;"2016-07-28T23:59:59.999Z"
0.00023032000172;0.00023250500089;0.00022250499751;0.00022301300487;130186;23509715.5028;"2016-08-01T23:59:59.999Z"
0.0002183720062;0.00023399399652;0.00021603499772;0.00023131800117;278089;24401224.1338;"2016-08-06T23:59:59.999Z"
0.00024198000028;0.00024336400384;0.00023497300572;0.00023497300572;190175;24803095.4533;"2016-08-11T23:59:59.999Z"
0.00024825599394;0.00024986101198;0.00023459199292;0.00023836900073;355769;25174764.259;"2016-08-15T23:59:59.999Z"
0.00023610900098;0.00024125199707;0.00023177900584;0.00023817800684;167039;25171148.6502;"2016-08-20T23:59:59.999Z"
0.00023104100546;0.0002346419933;0.00022528799309;0.0002294290025;151207;24262143.0773;"2016-08-25T23:59:59.999Z"
0.00022703800641;0.00022984700627;0.00022047599487;0.00022536500182;217469;23844936.0594;"2016-08-29T23:59:59.999Z"
0.00023368299298;0.00023737699667;0.0002316099999;0.00023636200058;270431;25024976.8872;"2016-09-03T23:59:59.999Z"
0.00024197300081;0.00024644500809;0.00022771500517;0.00022798600548;139759;24153959.2107;"2016-09-08T23:59:59.999Z"
0.00022629399609;0.00022720900597;0.00022320500284;0.00022612900648;128679;23969778.7577;"2016-09-12T23:59:59.999Z"
0.00024779999512;0.00025146600092;0.00023635200341;0.00023640299332;375370;25075277.3246;"2016-09-17T23:59:59.999Z"
0.00023135800438;0.00023318000603;0.00022425700445;0.00022750999779;109829;24147921.4213;"2016-09-22T23:59:59.999Z"
0.00022820099548;0.00023294599669;0.00022677799279;0.00022751500364;140515;24165301.5093;"2016-09-27T23:59:59.999Z"
0.00023245399643;0.00023665900517;0.00022975300089;0.0002330129937;149333;24762146.0671;"2016-10-01T23:59:59.999Z"
0.00023035900085;0.00023435300682;0.00022265799635;0.00022319299751;316034;23734078.8164;"2016-10-06T23:59:59.999Z"
0.00022777299455;0.00023493700428;0.00022336799884;0.00023015899933;255195;24490818.8446;"2016-10-11T23:59:59.999Z"
0.00022496700694;0.00022815499688;0.00022108899429;0.00022441499459;54318.6;23892078.1336;"2016-10-15T23:59:59.999Z"
0.00021727499552;0.00022164599795;0.00021727499552;0.00022106499819;72548.4;23550834.6021;"2016-10-20T23:59:59.999Z"
0.00021889500204;0.00022329100466;0.00021865799499;0.00021933499374;93590.7;23381750.214;"2016-10-25T23:59:59.999Z"
0.00021863699658;0.00023186899489;0.00021618200117;0.00022291799542;563580;23776090.5817;"2016-10-29T23:59:59.999Z"
0.00022333099332;0.00022384199838;0.00021551699319;0.00021718400239;157604;23179292.6273;"2016-11-03T23:59:59.999Z"
0.0002391779999;0.00024302100064;0.00022730299679;0.0002293449943;186033;24493010.6056;"2016-11-08T23:59:59.999Z"
0.00022642800468;0.0002287899988;0.00022007900407;0.00022025499493;198530;23534462.1741;"2016-11-12T23:59:59.999Z"
0.00022233399795;0.00022698599787;0.00021989700326;0.00022372600506;106863;23920780.3869;"2016-11-17T23:59:59.999Z"
0.00022209600138;0.00022434499988;0.00021914999525;0.00022421299946;78701;23988311.6334;"2016-11-22T23:59:59.999Z"
0.00022099900525;0.00022165100381;0.00021606800146;0.00021878100233;51449.6;23419240.7369;"2016-11-26T23:59:59.999Z"
0.00021458900301;0.00021851999918;0.0002133819944;0.00021437399846;121422;22962292.5987;"2016-12-01T23:59:59.999Z"
0.0002147769992;0.00021497400303;0.00020821900398;0.00021231299615;56770.9;22756301.7385;"2016-12-06T23:59:59.999Z"
0.00021443600417;0.00022358600108;0.00021252399893;0.00022343199817;164021;23963511.752;"2016-12-11T23:59:59.999Z"
0.00021536399436;0.00021970100352;0.00021411800117;0.00021516799461;100360;23089162.6197;"2016-12-15T23:59:59.999Z"
0.00021869799821;0.00022007900407;0.0002156279952;0.0002192230022;186803;23539491.69;"2016-12-20T23:59:59.999Z"
0.00023378600599;0.00023561000125;0.00022471300326;0.00022996299958;241911;24708694.7021;"2016-12-25T23:59:59.999Z"
0.00022320399876;0.00023516800138;0.00022102599905;0.00022848299704;214764;24562379.8882;"2016-12-29T23:59:59.999Z"
0.00022359899594;0.00022846499633;0.00022190100572;0.00022710299527;132352;24429772.3143;"2017-01-03T23:59:59.999Z"
0.00022424200142;0.00022950999846;0.00021934699907;0.00022102499497;132159;23791267.6892;"2017-01-08T23:59:59.999Z"
0.00020346400561;0.00021221800125;0.0001949800062;0.00020837900229;263155;22441532.0952;"2017-01-12T23:59:59.999Z"
0.00020667500212;0.00021881300199;0.00020239599689;0.0002153670066;161002;23208937.7279;"2017-01-17T23:59:59.999Z"
0.00020832500013;0.00021074700635;0.00020314000722;0.00020737599698;72922.6;22362118.5706;"2017-01-22T23:59:59.999Z"
0.00020374500309;0.00020988199685;0.0002011040051;0.00020804999804;93096.2;22446321.1388;"2017-01-26T23:59:59.999Z"
0.00020840700017;0.00021504600591;0.00020340899937;0.00020566600142;122078;22203337.5236;"2017-01-31T23:59:59.999Z"
0.00021145900246;0.00021357600053;0.00020734099962;0.00021091199596;99077.8;22784026.9167;"2017-02-05T23:59:59.999Z"
0.00020761499763;0.00021566300711;0.00020129900076;0.0002043889981;200542;22090588.7375;"2017-02-09T23:59:59.999Z"
0.00020782400679;0.00021289699362;0.00020473499899;0.00020862800011;129514;22563242.7591;"2017-02-14T23:59:59.999Z"
0.00019669199537;0.00021047600603;0.00019643899577;0.00020764100191;74856.2;22470801.4214;"2017-02-19T23:59:59.999Z"
0.0002016560029;0.00020774400036;0.00019777899433;0.00020757000311;110405;22474554.4639;"2017-02-23T23:59:59.999Z"
0.00020432499878;0.00020983800641;0.00019919499755;0.00020497800142;90931.8;22208026.1673;"2017-02-28T23:59:59.999Z"
0.00020445100381;0.00021125799685;0.00020192199736;0.00020613400557;69489.8;22347509.2283;"2017-03-05T23:59:59.999Z"
0.00021079399448;0.00021834000654;0.00019804999465;0.00020392700389;327829;22122294.8382;"2017-03-10T23:59:59.999Z"
0.0002412640024;0.000247176009;0.00023571499332;0.00023792100546;350586;25823122.7687;"2017-03-14T23:59:59.999Z"
0.00021920600557;0.00024025600578;0.00021492199448;0.00023507600417;335532;25530620.2589;"2017-03-19T23:59:59.999Z"
0.00024176300212;0.00030510799843;0.00023466799757;0.00026448699646;1776640;28742561.6119;"2017-03-24T23:59:59.999Z"
0.00024674501037;0.00028579801437;0.00024546100758;0.00027313598548;708276;29697573.0488;"2017-03-28T23:59:59.999Z"
0.00033616600558;0.00052664300893;0.00032752400148;0.0004893289879;4276890;53237771.4814;"2017-04-02T23:59:59.999Z"
0.00045597399003;0.00045839400264;0.00038716901327;0.00039838498924;2669470;43370834.5805;"2017-04-07T23:59:59.999Z"
0.000396198011;0.00040026000352;0.00038065799163;0.00039023000863;694146;42504567.3821;"2017-04-11T23:59:59.999Z"
0.00041735399282;0.00046181801008;0.00041579498793;0.000453509012;1835340;49424546.4642;"2017-04-16T23:59:59.999Z"
0.00044041799265;0.00045741000213;0.00043817301048;0.00045148999197;692528;49235653.2609;"2017-04-21T23:59:59.999Z"
0.00051108299522;0.00054598099086;0.00051062001148;0.00052724301349;1498410;57525560.3801;"2017-04-25T23:59:59.999Z"
0.00073567300569;0.00077084300574;0.00072747498052;0.00074631499592;3614180;81479217.0366;"2017-04-30T23:59:59.999Z"
0.0007375049754;0.00093174801441;0.00073645700468;0.00083967397222;9754900;91730011.8909;"2017-05-05T23:59:59.999Z"
0.0015307799913;0.0015307799913;0.00110696000047;0.00123878999148;18473100;135399786.395;"2017-05-09T23:59:59.999Z"
0.0011978399707;0.00127381004859;0.00118834001478;0.00127381004859;4752270;139315690.231;"2017-05-14T23:59:59.999Z"
0.0015118799638;0.00159390002955;0.0014243000187;0.00151756999549;15752100;166080690.348;"2017-05-19T23:59:59.999Z"
0.0035433000885;0.00404414022341;0.00352365989238;0.00365905999206;55427800;400696360.863;"2017-05-24T23:59:59.999Z"
0.00258298008703;0.00285841990262;0.00230421009474;0.00257920008153;34751700;282586772.964;"2017-05-28T23:59:59.999Z"
0.00287775998004;0.00310056004673;0.00285793002695;0.00302615994588;34663300;331768243.681;"2017-06-02T23:59:59.999Z"
0.00376405008137;0.00381494988687;0.00330152991228;0.00330152991228;29591900;362183090.197;"2017-06-07T23:59:59.999Z"
0.00330663006753;0.00379548990168;0.0032756999135;0.00360125000589;40179500;395265960.428;"2017-06-11T23:59:59.999Z"
0.00304268999025;0.00320669007488;0.00294722011313;0.00316275004297;13983500;347356322.025;"2017-06-16T23:59:59.999Z"
0.00321853999048;0.00329203996807;0.00309532997198;0.00312464009039;14635800;343387743.538;"2017-06-21T23:59:59.999Z"
0.00312909996137;0.00343606993556;0.00287287007086;0.00296095991507;25808000;325563587.853;"2017-06-25T23:59:59.999Z"
0.00265409005806;0.00268150004558;0.00260084006004;0.002601680113;4828560;286240722.201;"2017-06-30T23:59:59.999Z"
0.00250398996286;0.00282942992635;0.0024234300945;0.00271350005642;17293700;298730544.247;"2017-07-05T23:59:59.999Z"
0.00244206003845;0.00249186996371;0.00232606008649;0.00233016000129;4122620;256657309.214;"2017-07-09T23:59:59.999Z"
0.00182626000606;0.00185063004028;0.00163239997346;0.00168126996141;3700410;185301422.525;"2017-07-14T23:59:59.999Z"
0.00186951004434;0.00193468003999;0.00168665999081;0.00168883998413;8549310;186252335.973;"2017-07-19T23:59:59.999Z"
0.00209667999297;0.00219340994954;0.00188921997324;0.00197240989655;10407100;217635336.586;"2017-07-23T23:59:59.999Z"
0.00185545999557;0.00187104998622;0.00175097002648;0.00178189994767;4510970;196738456.44;"2017-07-28T23:59:59.999Z"
0.00179042003583;0.00182326999493;0.00174567999784;0.00178833003156;4626730;197572304.012;"2017-08-02T23:59:59.999Z"
0.00191941997036;0.00197382993065;0.00188164005522;0.00194901996292;5318800;215460298.207;"2017-08-07T23:59:59.999Z"
0.00189653004054;0.00189653004054;0.00181737996172;0.00188013003208;5135210;207948540.845;"2017-08-11T23:59:59.999Z"
0.00173172994982;0.00179818004835;0.00170020002406;0.00177438999526;3874060;196376335.578;"2017-08-16T23:59:59.999Z"
0.00169308995828;0.00171183003113;0.001644139993;0.00171183003113;3580650;189571337.13;"2017-08-21T23:59:59.999Z"
0.00180804997217;0.00182964000851;0.00176163995638;0.00178962002974;2654040;198284911.561;"2017-08-25T23:59:59.999Z"
0.00186234002467;0.00215140008368;0.0018172400305;0.00210521998815;17500900;233398752.657;"2017-08-30T23:59:59.999Z"
0.00216926005669;0.00216926005669;0.00172102998476;0.00178610999137;11195900;198144547.633;"2017-09-04T23:59:59.999Z"
0.00193004996981;0.00195638998412;0.00153273995966;0.00159583997447;10583000;177125056.719;"2017-09-08T23:59:59.999Z"
0.00144162005745;0.00144162005745;0.00133304996416;0.00139819004107;4788820;155284725.025;"2017-09-13T23:59:59.999Z"
0.00085348397261;0.00095985399093;0.0008369970019;0.00094743602676;7127750;105289091.965;"2017-09-18T23:59:59.999Z"
0.00076232699212;0.00078343402129;0.00071206397843;0.00077203800902;3758470;85839982.7661;"2017-09-22T23:59:59.999Z"
0.00113244995009;0.00118990999181;0.00111284002196;0.0011728600366;5371580;130487492.467;"2017-09-27T23:59:59.999Z"
0.00107542995829;0.00113264995161;0.00105501001235;0.00108535995241;3145110;120828185.984;"2017-10-02T23:59:59.999Z"
0.00100290996488;0.00108493003063;0.00099520594813;0.0010560300434;1505160;117619217.234;"2017-10-06T23:59:59.999Z"
0.00103538995609;0.00107998994645;0.00099558394868;0.00104612996802;2390280;116589677.594;"2017-10-11T23:59:59.999Z"
0.00110677001067;0.00125377997756;0.00105586997233;0.00116410001647;6552920;129818631.046;"2017-10-16T23:59:59.999Z"
0.00104755000211;0.00106832000893;0.00095877697458;0.00100677995943;3157240;112344622.006;"2017-10-21T23:59:59.999Z"
0.00109999999404;0.00109999999404;0.00100891001057;0.00105571001768;2198320;117863495.64;"2017-10-25T23:59:59.999Z"
0.00122431002092;0.00122782995459;0.0011028900044;0.0011507399613;2979150;128553236.267;"2017-10-30T23:59:59.999Z"
0.00114271999337;0.00124246999621;0.00109779997729;0.00118873000611;1986450;132880238.843;"2017-11-04T23:59:59.999Z"
0.00117506994866;0.00125982996542;0.00114800001029;0.00122178997844;3528340;136644127.741;"2017-11-08T23:59:59.999Z"
0.00104639003985;0.00121161004063;0.00101942999754;0.00121112004854;2481270;135534681.644;"2017-11-13T23:59:59.999Z"
0.00130801997148;0.00138459005393;0.00125401001424;0.00137288996484;1648260;153733391.749;"2017-11-18T23:59:59.999Z"
0.0014011800522;0.0020526999142;0.00137307995465;0.0018230000278;18841700;204237209.952;"2017-11-22T23:59:59.999Z"
0.00199949997477;0.00203560991213;0.00189095002133;0.0019879899919;6185790;222859152.28;"2017-11-27T23:59:59.999Z"
0.00212174002081;0.00221215002239;0.00201742001809;0.00214862008579;4978180;241024465.926;"2017-12-02T23:59:59.999Z"
0.00249457010068;0.00266259000637;0.00243972009048;0.00266259000637;9047960;298826686.202;"2017-12-06T23:59:59.999Z"
0.00256339996122;0.0028942800127;0.00253391009755;0.00279764994048;7017140;314179915.571;"2017-12-11T23:59:59.999Z"
0.00376714998856;0.00625086016953;0.0036377098877;0.0059332898818;136352992;666727523.433;"2017-12-16T23:59:59.999Z"
0.00561947003007;0.007067179773;0.0048917401582;0.0066613201052;67820000;748907794.666;"2017-12-20T23:59:59.999Z"
0.00864853989333;0.0107287997;0.00858192984015;0.00893077999353;178008992;1004674178.31;"2017-12-25T23:59:59.999Z"
0.00936469994485;0.00944563001394;0.00738833006471;0.00786045007408;56175300;884810743.017;"2017-12-30T23:59:59.999Z"
0.00934572983533;0.0100362999;0.00876788981259;0.00964394025505;108986000;1086239170.67;"2018-01-04T23:59:59.999Z"
0.0171146002;0.0176644009;0.0137652;0.0150450002;235114000;1695430615.87;"2018-01-08T23:59:59.999Z"
0.013057;0.0136527;0.0124784;0.0130233997;55890600;1468529067.44;"2018-01-13T23:59:59.999Z"
0.00764050986618;0.00873296987265;0.00719517981634;0.00796892959625;56599300;899102559.907;"2018-01-18T23:59:59.999Z"
0.00719856983051;0.00760560994968;0.00631769979373;0.00673356000334;19968600;760095988.779;"2018-01-22T23:59:59.999Z"
0.00723979994655;0.00754504976794;0.0071679498069;0.00737272016704;11672900;832760567.351;"2018-01-27T23:59:59.999Z"
0.00602144002914;0.00609047990292;0.00479072006419;0.00502914981917;18748700;568402415.934;"2018-02-01T23:59:59.999Z"
0.0043967901729;0.00446968991309;0.0033755900804;0.00353319989517;12489400;399524305.742;"2018-02-05T23:59:59.999Z"
0.00498171988875;0.00544065004215;0.00474441982806;0.00498946011066;16717300;564542285.216;"2018-02-10T23:59:59.999Z"
0.00671709002927;0.00794771034271;0.00671441992745;0.00734730996192;43275000;831793417.692;"2018-02-15T23:59:59.999Z"
0.00640986021608;0.00693819997832;0.00634136982262;0.0066966698505;13019200;758506771.37;"2018-02-19T23:59:59.999Z"
0.00666621001437;0.00689810002223;0.00613057008013;0.00632428983226;15687300;716769750.728;"2018-02-24T23:59:59.999Z"
0.00604203995317;0.006319580134;0.00594469020143;0.00621498003602;15518400;704812282.141;"2018-03-01T23:59:59.999Z"
0.00546179991215;0.00553483981639;0.0051568900235;0.00521754007787;13627700;591986387.762;"2018-03-05T23:59:59.999Z"
0.00413700984791;0.00437910994515;0.00395005987957;0.00397279020399;9880540;451032436.277;"2018-03-10T23:59:59.999Z"
0.00352109991945;0.00361947994679;0.00326747004874;0.00353589002043;9316740;401676595.446;"2018-03-15T23:59:59.999Z"
0.00319881993346;0.00350428000093;0.00314372009598;0.00344002991915;8278910;390980328.04;"2018-03-19T23:59:59.999Z"
0.00359718990512;0.00372677994892;0.00351038994268;0.00359023991041;4461220;408301807.687;"2018-03-24T23:59:59.999Z"
0.00317065999843;0.00317742000334;0.00275759003125;0.00282661989331;5630550;321655143.719;"2018-03-29T23:59:59.999Z"
0.00279410998337;0.00299279997125;0.0027799399104;0.0029795600567;6618080;339266306.834;"2018-04-03T23:59:59.999Z"
0.00268193008378;0.00286469003186;0.00266850995831;0.0028016900178;3034220;319168903.781;"2018-04-07T23:59:59.999Z"
0.00337392999791;0.0037981600035;0.00325543992221;0.0037981600035;13877700;432950912.176;"2018-04-12T23:59:59.999Z"
0.00458791013807;0.00486917002127;0.00451532006264;0.00474354019389;17139500;541044698.576;"2018-04-17T23:59:59.999Z"
0.00587789993733;0.00588669022545;0.00519372988492;0.00541325006634;25007100;617731981.171;"2018-04-21T23:59:59.999Z"
0.00512833008543;0.00567643018439;0.00489570992067;0.00562661001459;41358700;642470067.61;"2018-04-26T23:59:59.999Z"
0.00527183013037;0.00527183013037;0.00489903986454;0.00514427013695;11657500;587750702.008;"2018-05-01T23:59:59.999Z"
0.00526676978916;0.00534685980529;0.00502596003935;0.00518045015633;30335800;592172153.953;"2018-05-05T23:59:59.999Z"
0.00482460996136;0.00529611995444;0.00453075999394;0.00486990017816;34878500;557000639.144;"2018-05-10T23:59:59.999Z"
0.00444329017773;0.00478768022731;0.00441789021716;0.0045150402002;21076900;516726420.819;"2018-05-15T23:59:59.999Z"
0.00421665003523;0.00442815991119;0.00400483002886;0.00428572995588;15007400;490735464.017;"2018-05-19T23:59:59.999Z"
0.00359018007293;0.00371307996102;0.0032479299698;0.00349918007851;10460200;400915452.008;"2018-05-24T23:59:59.999Z"
0.00322599988431;0.00344637990929;0.00316773005761;0.00343657005578;9244550;393979506.2;"2018-05-29T23:59:59.999Z"
0.00341826002114;0.00358437001705;0.00339950993657;0.00355790997855;5918490;408089277.658;"2018-06-02T23:59:59.999Z"
0.00374807999469;0.00383575004525;0.00370745011605;0.00373180001043;6110720;428293523.755;"2018-06-07T23:59:59.999Z"
0.00323747005314;0.00327339000069;0.00307493004948;0.0030892000068;4965300;354758101.966;"2018-06-12T23:59:59.999Z"
0.0029063699767;0.00294500007294;0.0028725899756;0.0028725899756;6253640;330081698.171;"2018-06-17T23:59:59.999Z"
0.00302117993124;0.00303082005121;0.00296811992303;0.00298776989803;3952000;343481918.247;"2018-06-21T23:59:59.999Z"
0.00250088004395;0.00257684011012;0.00245708995499;0.00247792992741;4070170;285041032.835;"2018-06-26T23:59:59.999Z"
0.00250824005343;0.00255361991003;0.00245643011294;0.002489190083;8435030;286509504.419;"2018-07-01T23:59:59.999Z"
0.00267929001711;0.00269520003349;0.00257769995369;0.0025990200229;3792270;299294779.773;"2018-07-05T23:59:59.999Z"
0.00260629993863;0.00262261996977;0.00224155001342;0.00241148006171;6741490;277864985.586;"2018-07-10T23:59:59.999Z"
0.00237011001445;0.00241472991183;0.00231970008463;0.00238016992807;3869860;274421956.281;"2018-07-15T23:59:59.999Z"
0.00368284992874;0.00394969014451;0.00348132010549;0.00384387001395;25349600;443392195.254;"2018-07-19T23:59:59.999Z"
0.0034458800219;0.00366774993017;0.00338966003619;0.00361950998195;10829100;417763030.491;"2018-07-24T23:59:59.999Z"
0.00341357989237;0.00347673008218;0.00328639009967;0.00330720003694;5890530;381945738.766;"2018-07-29T23:59:59.999Z"
0.00308042;0.00316344;0.00292686;0.00294594;6942240;340387651.762;"2018-08-02T23:59:59.999Z"
0.0027745;0.00282745;0.00265956;0.00267104;5725520;308809410.878;"2018-08-07T23:59:59.999Z"
0.00239555;0.00243971;0.00236012;0.00240418;3433940;278123344.734;"2018-08-12T23:59:59.999Z"
0.0022989;0.0023702;0.00222724;0.00229167;5860370;265235124.042;"2018-08-16T23:59:59.999Z"
0.00236449;0.00243059;0.00236221;0.00242446;2134170;280772182.736;"2018-08-21T23:59:59.999Z"
0.00236777;0.00241316;0.00228763;0.00240447;2912230;278624233.162;"2018-08-26T23:59:59.999Z"
0.00474107;0.00675262;0.00433683;0.00627772;193826000;727970620.19;"2018-09-01T23:59:59.999Z"
0.00525912;0.00539404;0.00480941;0.00493072;50536000;572046224.431;"2018-09-05T23:59:59.999Z"
0.00583969;0.00693312;0.00583969;0.00689239;76891600;800113778.708;"2018-09-10T23:59:59.999Z"
0.00618718;0.00626664;0.00613428;0.00616527;16956400;716133148.532;"2018-09-15T23:59:59.999Z"
0.00598412;0.0060305;0.00536025;0.00560898;38645300;651826831.054;"2018-09-19T23:59:59.999Z"
0.00590432;0.00606715;0.0056586;0.00567737;17243600;660168122.221;"2018-09-24T23:59:59.999Z"
0.00583202;0.00589836;0.00576536;0.00586455;15626800;682339781.634;"2018-09-29T23:59:59.999Z"
0.00581345;0.00582581;0.0056553;0.00570408;15933900;663984391.115;"2018-10-03T23:59:59.999Z"
0.00557321;0.00565208;0.0055495;0.00557827;12177400;649726469.809;"2018-10-08T23:59:59.999Z"
0.00524473;0.0052717;0.00516303;0.00518179;8095130;603905182.485;"2018-10-13T23:59:59.999Z"
0.00500971;0.00502466;0.00449255;0.00459894;24144600;536231883.176;"2018-10-17T23:59:59.999Z"
0.00450755;0.00453483;0.00435693;0.00436553;10602500;509318217.263;"2018-10-22T23:59:59.999Z"
0.00401133;0.00425553;0.00401133;0.00419472;23286000;489681080.36;"2018-10-27T23:59:59.999Z"
0.00383545;0.00387259;0.00368998;0.00376395;14273900;439603253.562;"2018-10-31T23:59:59.999Z"
0.00366425;0.00374389;0.00361567;0.00362222;11645300;423301552.855;"2018-11-05T23:59:59.999Z"
0.00313517;0.00334743;0.00309235;0.00328455;15996900;384068860.53947;"2018-11-10T23:59:59.999Z"
0.00270307;0.00281611;0.00251132;0.00280036;22776600;327645999.363026;"2018-11-15T23:59:59.999Z"
0.00264136;0.00271725;0.00241492;0.00241767;16481100;283005650.914032;"2018-11-19T23:59:59.999Z"
0.00236396;0.00239041;0.0021936;0.00222408;11318100;260499267.998098;"2018-11-24T23:59:59.999Z"
0.00225119572133;0.00227716632764;0.00218591272942;0.00224096012183;12848616.72;262631886.10457;"2018-11-29T23:59:59.999Z"
0.00224739556181;0.00238555437502;0.00214440001695;0.00237131573235;12481724.47;278040469.947048;"2018-12-03T23:59:59.999Z"
0.00209597141469;0.00215713712349;0.00206833393888;0.00212015708059;18741867.63;248738484.343774;"2018-12-08T23:59:59.999Z"
0.00211819550637;0.00211894205739;0.00204464581367;0.002065276421;17660416.71;242442810.394584;"2018-12-13T23:59:59.999Z"
0.00212518514831;0.00271619463647;0.00211939695832;0.0025333435031;38633066.65;297529699.781063;"2018-12-17T23:59:59.999Z"
0.00253896018878;0.00256080829646;0.00241562019126;0.00250202212832;18456615.59;294025343.229956;"2018-12-22T23:59:59.999Z"
0.00247728743381;0.0024864318532;0.00236368966598;0.00236381233511;19224932.33;277947391.555032;"2018-12-27T23:59:59.999Z"
0.00237038078438;0.00239546988762;0.002324736652;0.00234553226726;18724787.78;275928511.690179;"2018-12-31T23:59:59.999Z"
0.00232005867984;0.00235009513946;0.00228008942693;0.00231923898626;17148586.02;272996563.66542;"2019-01-05T23:59:59.999Z"
0.00226323372685;0.00229521779373;0.00208518198506;0.00213198981654;21174109.14;251103614.519666;"2019-01-10T23:59:59.999Z"
0.00210203582711;0.00219839042765;0.00209735480402;0.00218283611757;18534843.16;257213741.174364;"2019-01-14T23:59:59.999Z"
0.00210423525054;0.00216014241563;0.00208920430978;0.00215347332443;16088820.29;253903206.062992;"2019-01-19T23:59:59.999Z"
0.00204512947325;0.00207319725661;0.00201286704736;0.00203899631389;15825805.34;240547775.547546;"2019-01-24T23:59:59.999Z"
0.00194704347702;0.00196996531499;0.00191731589847;0.00192711936693;14809843.8;227482733.174664;"2019-01-29T23:59:59.999Z"
0.00191429370545;0.0019560355314;0.00189607738505;0.00193576299111;13184662.83;228611251.38275;"2019-02-02T23:59:59.999Z"
0.00186884555934;0.00189013136367;0.00183936033528;0.00184490085203;14228248.28;218008800.429945;"2019-02-07T23:59:59.999Z"
0.00190443987151;0.00191081432605;0.00187282979587;0.00189403331067;16971097.68;223946348.742353;"2019-02-12T23:59:59.999Z"
0.0019067525918;0.00192880883867;0.00189477514172;0.00192401270269;14351256.58;227597790.312809;"2019-02-16T23:59:59.999Z"
0.00206626901585;0.00207845268146;0.0020222964079;0.00202827527445;18308575.27;240071969.663012;"2019-02-21T23:59:59.999Z"
0.00202902523218;0.00205015376574;0.00199206349946;0.0020227850281;19292966.34;239562466.293354;"2019-02-26T23:59:59.999Z"
0.00199229892638;0.00201334131396;0.0019795754269;0.00200267962537;17330550.5;237292659.390835;"2019-03-02T23:59:59.999Z"
0.00198166730785;0.00201548874895;0.00196558830699;0.00199089136759;17976088.39;236034180.813962;"2019-03-07T23:59:59.999Z"
0.00196886365375;0.00203040675525;0.00194984243837;0.00201170473555;20817164.9;238641758.689874;"2019-03-12T23:59:59.999Z"
0.00204698487032;0.00209869788058;0.00203988753604;0.00207749454775;17262660.47;246562176.266734;"2019-03-16T23:59:59.999Z"
0.00206508358483;0.00207431344233;0.00204047041404;0.0020536347488;18961936.74;243873314.506114;"2019-03-21T23:59:59.999Z"
0.00204062624312;0.00206137961319;0.00202550471874;0.00205397800132;19354497.9;244056902.209011;"2019-03-26T23:59:59.999Z"
0.00209077205984;0.00216567381179;0.00206493023025;0.00208047305513;19212788.38;247321175.307952;"2019-03-30T23:59:59.999Z"
0.00315843657788;0.0040955769381;0.0031337103363;0.00369701646382;164634740.85;439749413.925701;"2019-04-04T23:59:59.999Z"
0.0030441373257;0.00307049534029;0.00281207689611;0.00288392057003;53210703.33;343234838.527354;"2019-04-09T23:59:59.999Z"
0.00285216395037;0.00290609601029;0.00282019512949;0.00287234050844;34870865.55;342015736.359087;"2019-04-13T23:59:59.999Z"
0.00281553902763;0.00295841129621;0.00280645718603;0.0029457884902;42590190.4;350965937.859117;"2019-04-18T23:59:59.999Z"
0.00280356348594;0.00285561298446;0.00276749044792;0.00277246741262;37261546.74;330508959.539314;"2019-04-23T23:59:59.999Z"
0.00251961342656;0.00256282377839;0.00250190083506;0.00253129554882;25600272.38;301935050.863943;"2019-04-28T23:59:59.999Z"
0.00252513299633;0.00265638331895;0.00251562194735;0.00261139747239;34506272.1;311635238.316092;"2019-05-02T23:59:59.999Z"
0.00254362293146;0.00263212565239;0.00253566517949;0.0025364623307;38143864.68;302868566.662485;"2019-05-07T23:59:59.999Z"
0.00275706919944;0.00282030379944;0.0026121077677;0.00266532316357;44577097.38;318441124.804875;"2019-05-12T23:59:59.999Z"
0.00330976597237;0.00352149169889;0.00311440039154;0.0031682204376;68128482.97;378701248.616612;"2019-05-16T23:59:59.999Z"
0.00304178948384;0.00311183677614;0.0029679257879;0.00308641713526;54845690.87;369138169.513289;"2019-05-21T23:59:59.999Z"
0.00298677907833;0.0031150406251;0.00293460480966;0.00309249202264;68909915.96;370079611.685648;"2019-05-26T23:59:59.999Z"
0.00312458938631;0.00359958939302;0.00310966570065;0.00325830928529;97252491.41;390104147.420554;"2019-05-30T23:59:59.999Z"
0.00321283388159;0.00321283388159;0.00298551837408;0.00304154502969;77725735.31;364362598.069468;"2019-06-04T23:59:59.999Z"
0.00307680989285;0.00321845431391;0.00297756454129;0.00301182539106;69438949.95;361011750.53997;"2019-06-09T23:59:59.999Z"
0.00306310686792;0.00316847841603;0.00303043365575;0.00307446174942;66973694.33;368689737.042006;"2019-06-13T23:59:59.999Z"
0.00319305553711;0.00319873914251;0.00310995346226;0.00312507428659;54908990.93;374976170.798191;"2019-06-18T23:59:59.999Z"
0.0032846900937;0.00349637341423;0.00324987780333;0.00330447025749;44229339.53;396730842.805816;"2019-06-23T23:59:59.999Z"
0.00339026458778;0.00349515640475;0.00299025915616;0.00332916138549;76165576.56;399859152.63683;"2019-06-27T23:59:59.999Z"
0.0032368275929;0.00335991120431;0.00307953280207;0.00320360201061;41581109.26;385000907.756708;"2019-07-02T23:59:59.999Z"
0.00355276391412;0.00365832769278;0.00349506535973;0.00363328684824;44379648.84;436892153.684487;"2019-07-07T23:59:59.999Z"
0.00324149667319;0.00336821470253;0.00320660563107;0.00334007335514;35428239.3;401865725.844649;"2019-07-12T23:59:59.999Z"
0.0030929104255;0.00312479614216;0.00280185033311;0.0028249077542;40980833.09;340039852.867687;"2019-07-16T23:59:59.999Z"
0.00311756636889;0.00316633317797;0.00298261117375;0.00307568671355;18349874.48;370439302.885689;"2019-07-21T23:59:59.999Z"
0.0029208061857;0.00294933149915;0.00288249974224;0.00292068036974;19438979.18;351972410.639651;"2019-07-26T23:59:59.999Z"
0.00283109495842;0.00288779850883;0.00280100158474;0.00281746951178;16899415.72;339690583.313042;"2019-07-30T23:59:59.999Z"
0.00291279257075;0.00298359985975;0.00286419136341;0.00293847542765;19238655.29;354483149.254108;"2019-08-04T23:59:59.999Z"
0.00292922020734;0.00293345030602;0.00286902106525;0.00290436306157;21528297.97;350568745.498968;"2019-08-09T23:59:59.999Z"
0.00288256323082;0.00289013757538;0.00280447490889;0.00282482188004;27308534.67;341124651.883648;"2019-08-13T23:59:59.999Z"
0.0026474118765;0.00273018597877;0.00262219113901;0.00272253424524;20832601.6;328961191.382942;"2019-08-18T23:59:59.999Z"
0.00270872190815;0.00289855379073;0.00265703792612;0.00271345450562;21615807.13;328052057.37882;"2019-08-23T23:59:59.999Z"
0.00267975749404;0.0027877102799;0.00260033784583;0.00262019194715;21250034.07;316922333.350595;"2019-08-27T23:59:59.999Z"
0.00251203018875;0.00253302338955;0.00244343959318;0.00249164555702;22742519.03;301547448.716597;"2019-09-01T23:59:59.999Z"
0.00252926958821;0.00264001872692;0.00245988587279;0.00250940258575;29577776.69;303870099.631257;"2019-09-06T23:59:59.999Z"
0.00246077225438;0.00248949745677;0.00240994052105;0.00243688938147;29851956.66;295224766.160785;"2019-09-10T23:59:59.999Z"
0.00244271516106;0.00248630017;0.0024383784781;0.0024604211182;35862685.99;298246050.434078;"2019-09-15T23:59:59.999Z"
0.00270965869957;0.00271616388173;0.00264538994174;0.00267246522089;45337415.83;324135090.957539;"2019-09-20T23:59:59.999Z"
0.00222914802484;0.00224286050568;0.00211035168308;0.00219684791891;58992977.79;266601412.974145;"2019-09-25T23:59:59.999Z"
0.00223812139903;0.0023359005323;0.00218495623671;0.00222325077284;41861529.51;269929126.278747;"2019-09-29T23:59:59.999Z"
0.00232338556207;0.00236266685652;0.00228342185612;0.00235990494138;42842902.48;286684074.986573;"2019-10-04T23:59:59.999Z"
0.00233953422636;0.00240237707976;0.0023168831089;0.00238787109086;39868870.37;290246473.655638;"2019-10-09T23:59:59.999Z"
0.00233866295007;0.00261798685744;0.00232300118317;0.00244749918013;63249479.4;297629961.951253;"2019-10-13T23:59:59.999Z"
0.00275672010065;0.00286288684551;0.00266764368726;0.00270599906408;60909632.99;329253021.93778;"2019-10-18T23:59:59.999Z"
0.00256405120655;0.00258720422927;0.00238942100852;0.00249487883613;79141247.04;303741402.455736;"2019-10-23T23:59:59.999Z"
0.00262077239995;0.00274727751402;0.00259464791085;0.00265381289294;99551355.54;323238307.775632;"2019-10-27T23:59:59.999Z"
0.00261690665793;0.00263928817566;0.00259129948538;0.00263030761983;78282711.5;320557235.77686;"2019-11-01T23:59:59.999Z"
0.00262291850248;0.00264988096861;0.00261513852639;0.00262804220587;88212203.23;320462936.358363;"2019-11-06T23:59:59.999Z"
0.00271244406541;0.00278470066142;0.00268666994472;0.00277498580495;96734958.55;338534498.370242;"2019-11-10T23:59:59.999Z"
0.00268195275709;0.00268902107252;0.0026085792959;0.00265663248836;78888251.41;324279636.711384;"2019-11-15T23:59:59.999Z"
0.00254823250012;0.00269816758187;0.00254268311065;0.00255633191631;77286260.02;312212809.933611;"2019-11-20T23:59:59.999Z"
0.00250856843605;0.00251043334124;0.00229816735164;0.00236549350344;101469802.54;289036445.546275;"2019-11-24T23:59:59.999Z"
0.00231467673035;0.00245750898694;0.00230497783662;0.00245617602056;97859845.25;300286976.689369;"2019-11-29T23:59:59.999Z"
0.00221737225531;0.00224124375895;0.00216491570545;0.00220821626823;73151442.33;270124716.069859;"2019-12-04T23:59:59.999Z"
0.00223687406628;0.00225071597008;0.00219830638288;0.00220798196102;62696753.04;270249023.099329;"2019-12-09T23:59:59.999Z"
0.00218733242038;0.0022075436726;0.00216461557478;0.00217495181928;65851726.23;266326828.808131;"2019-12-13T23:59:59.999Z"
0.00202451433747;0.00219188065352;0.00200794033843;0.0021829387843;98147108.8;267456561.365722;"2019-12-18T23:59:59.999Z"
0.00211292954743;0.00213672049251;0.00205450400977;0.00207283981569;77708508.83;254110240.890954;"2019-12-23T23:59:59.999Z"
0.00205877826874;0.00207509606565;0.0020319078614;0.00205255455318;75486740.48;251737594.00625;"2019-12-27T23:59:59.999Z"
0.00202803659566;0.00205210277366;0.00202116784648;0.00203261369263;51180941.2;249432496.876089;"2020-01-01T23:59:59.999Z"
0.00241830831258;0.00256355220803;0.0023785053705;0.00246296624732;54562408.69;302412673.447395;"2020-01-06T23:59:59.999Z"
0.00225452971886;0.00236057837885;0.00219906387067;0.00235572195554;87683356.33;289375370.842334;"2020-01-10T23:59:59.999Z"
0.00246756594794;0.00254136271727;0.00236310083985;0.00236867289158;128940321.03;291129905.063257;"2020-01-15T23:59:59.999Z"
0.00240532218438;0.00242320509466;0.00235855738423;0.00237405636804;92022276.77;291955767.010132;"2020-01-20T23:59:59.999Z"
0.00226804391997;0.00229326466608;0.00221084509177;0.00227586396268;86865882.44;280006237.420921;"2020-01-24T23:59:59.999Z"
0.0024505937691;0.00247127759727;0.00238970348935;0.00238970348935;80676218.55;294177531.674357;"2020-01-29T23:59:59.999Z"
0.0024655324633;0.00251712213904;0.00242705444611;0.00243985236993;78856631.33;300519838.686688;"2020-02-03T23:59:59.999Z"
0.00265377022349;0.00277044967469;0.00264698827198;0.00276873283406;130273878.44;341181360.982181;"2020-02-07T23:59:59.999Z"
0.00304067171672;0.00317261006427;0.00301312573125;0.0030927746093;181406959.87;381325934.548073;"2020-02-12T23:59:59.999Z"
0.00273967916116;0.00277188341143;0.00254744691127;0.0027123059339;149622002.27;334603231.030554;"2020-02-17T23:59:59.999Z"
0.00265049723135;0.00265537951369;0.00257723601058;0.00260141704824;156145894.78;321103019.818438;"2020-02-22T23:59:59.999Z"
0.0024754729886;0.00248694856092;0.00221119133142;0.00233920598696;201370789.49;288866739.024308;"2020-02-26T23:59:59.999Z"
0.00227844706104;0.00237023955274;0.00225580722776;0.00234860618193;165788612.29;290189207.4532;"2020-03-02T23:59:59.999Z"
0.0025006567137;0.00251256801672;0.00240088407508;0.00240455118622;88138038.13;297267547.21324;"2020-03-07T23:59:59.999Z"
0.00220790373353;0.00222755906428;0.00209904685398;0.00218361951571;107425625.63;270074772.379497;"2020-03-11T23:59:59.999Z"
0.00168383234508;0.00169915842051;0.00145316732782;0.00158719383581;134329667.89;196417176.377177;"2020-03-16T23:59:59.999Z"
0.00177065073175;0.00185077455867;0.00169321537368;0.00178454167789;166141810.7;220961923.934094;"2020-03-21T23:59:59.999Z"
0.00185199891894;0.00188982750507;0.00179916948017;0.00183394358965;163367838.83;227179862.278478;"2020-03-25T23:59:59.999Z"
0.00172313755399;0.00186774635499;0.00171749048052;0.0018310390192;163244392;226946377.389913;"2020-03-30T23:59:59.999Z"
0.00185288969342;0.00190977630809;0.00184122296026;0.00188041930407;160849685.83;233196515.174848;"2020-04-04T23:59:59.999Z"
0.0019860654436;0.00204356380665;0.00195988817293;0.00201180037074;116283369.5;249600632.678744;"2020-04-08T23:59:59.999Z"
0.00198953567707;0.00199045628225;0.00189426041597;0.00195887619798;167357649.92;243169532.136064;"2020-04-13T23:59:59.999Z"
0.00201280283872;0.00206211998387;0.00200711107839;0.00206089804801;168186509.26;255975738.165998;"2020-04-18T23:59:59.999Z"
0.00197063480881;0.00203286892392;0.00196414543689;0.0020107609233;163753943.28;249859465.509535;"2020-04-22T23:59:59.999Z"
0.00241047199814;0.00241422314646;0.00230785444108;0.00235487597207;276033020.49;292782250.535125;"2020-04-27T23:59:59.999Z"
0.00249530395224;0.00255305842084;0.00247263431951;0.0025493532827;269155282.82;317137161.584042;"2020-05-02T23:59:59.999Z"
0.00248297859113;0.00258289777553;0.00247300795331;0.00252920563984;251393346.21;314770174.944714;"2020-05-06T23:59:59.999Z"
0.00245730958323;0.00251241201116;0.0023382020208;0.00241280930893;277646033.04;300433957.548385;"2020-05-11T23:59:59.999Z"
0.00250655979222;0.00253444162219;0.00248357216062;0.00251255871804;254666484.61;313027822.915622;"2020-05-16T23:59:59.999Z"
0.00251013041714;0.00254926432928;0.00242339885389;0.00248516937718;200924557.28;309787051.104984;"2020-05-21T23:59:59.999Z"
0.00245552012124;0.00254622025144;0.00243499756375;0.00254011637701;214669451.56;316777418.428644;"2020-05-25T23:59:59.999Z"
0.00253137060313;0.00262566066249;0.00252262153209;0.0026151754841;200708874.28;326318848.536682;"2020-05-30T23:59:59.999Z"
0.00258264803147;0.00266920778287;0.00257143088507;0.00263060480934;194078581.8;328426404.250425;"2020-06-04T23:59:59.999Z"
0.00260556523253;0.00260661679549;0.00256081793578;0.00258420542458;187140782.64;322775862.612561;"2020-06-08T23:59:59.999Z"
0.00252044405855;0.00254095535153;0.0025005816288;0.00253307642103;188981850.43;316564552.381458;"2020-06-13T23:59:59.999Z"
0.00248496509103;0.00249272228092;0.0024472860294;0.0024716281137;171388606.05;309056650.98722;"2020-06-18T23:59:59.999Z"
0.00244669164711;0.00249462986902;0.00244262214442;0.00247365531032;173530824.92;309447065.013849;"2020-06-22T23:59:59.999Z"
0.00235886386015;0.00237879818787;0.00229439562047;0.00231291877269;152534000.31;289498985.617433;"2020-06-27T23:59:59.999Z"
0.00233004601842;0.00238190153222;0.00230160116821;0.00236137740323;110789127.33;295744264.617049;"2020-07-02T23:59:59.999Z"
0.00230897750555;0.00262358896822;0.00230197142398;0.00261555969314;132105139.5;327723522.687337;"2020-07-06T23:59:59.999Z"
0.00352839284223;0.00391975863942;0.00347573134647;0.00381096027347;155299369.18;477768832.451344;"2020-07-11T23:59:59.999Z"
0.00308584349819;0.0030978892422;0.0028927230049;0.00299486968647;78457844.33;375666317.48571;"2020-07-16T23:59:59.999Z"
0.00338255297004;0.00343300481587;0.00316699882595;0.00323929313175;81038624.13;406505538.58203;"2020-07-20T23:59:59.999Z"
0.00321942141869;0.00329493745902;0.00318927793026;0.0032340153331;63203395.87;406049051.726464;"2020-07-25T23:59:59.999Z"
0.00319240905261;0.00324448746656;0.00316349296045;0.00323111702726;53506822.17;405907619.754851;"2020-07-30T23:59:59.999Z"
0.00338850580829;0.00356076174037;0.00337626248177;0.00353467686213;74386428.16;444285518.957184;"2020-08-04T23:59:59.999Z"
0.00353372520463;0.00353594129395;0.00345324432944;0.00350970368162;62509900.24;441372650.307187;"2020-08-08T23:59:59.999Z"
0.00348333176646;0.00354929430345;0.00336503317228;0.00351651696678;73302994.46;442425313.428478;"2020-08-13T23:59:59.999Z"
0.00359252200233;0.00370890348876;0.00348300880836;0.00351400000471;62570290.8;442352422.956569;"2020-08-18T23:59:59.999Z"
0.00339240687747;0.00344657956043;0.00335426566186;0.00344199910741;44884851.55;433479975.903163;"2020-08-22T23:59:59.999Z"
0.00329989317539;0.00331426199066;0.00316547341274;0.00320270500525;89847092.57;403564900.397309;"2020-08-27T23:59:59.999Z"
0.0032196807647;0.00328119892811;0.00319404291245;0.00325598510364;81863763.65;410502858.905674;"2020-09-01T23:59:59.999Z"
0.00289953097819;0.00293434437613;0.00271978452292;0.00275826082979;62295889.26;347914351.368353;"2020-09-05T23:59:59.999Z"
0.00279212484823;0.00285902404186;0.00275235277665;0.00280522517098;104276032.35;354031943.402211;"2020-09-10T23:59:59.999Z"
0.00279900854707;0.00287788345169;0.00278489617202;0.00283175218386;100194173.91;357575916.44994;"2020-09-15T23:59:59.999Z"
0.00279628175976;0.00281360340445;0.00277255429331;0.00279371872161;147046519.89;352928506.899833;"2020-09-19T23:59:59.999Z"
0.00255728;0.00264999;0.00253555;0.00262828;111915974.5;332209044.75127125;"2020-09-24T23:59:59.999Z"
0.00266206;0.00270954;0.00263576;0.00268541;109463112.97;339614378.8248438;"2020-09-29T23:59:59.999Z"
0.00258305;0.0026396;0.00257411;0.00259883;116046378.47;328808013.22871333;"2020-10-03T23:59:59.999Z"
0.00258433;0.00263081;0.00256011;0.00259556;109356096.16;328573194.86756176;"2020-10-08T23:59:59.999Z"
0.00266664;0.00267653;0.00262669;0.0026351;76963142.14;333761625.132713;"2020-10-13T23:59:59.999Z"
0.00258097;0.00260105;0.00257653;0.00258649;72298803;327781394.8659959;"2020-10-18T23:59:59.999Z"
0.00262654;0.00268856;0.0026244;0.00265502;44976452.6;336576291.8191243;"2020-10-22T23:59:59.999Z"
0.0026787;0.00270831;0.00262958;0.00267665;78927089.13;339540411.6086209;"2020-10-27T23:59:59.999Z"
0.00257594;0.00259035;0.00256138;0.00258175;45528681.72;327678834.57824594;"2020-11-01T23:59:59.999Z"
0.00253331;0.00263884;0.00249556;0.00261685;31611962.84;332278228.0531647;"2020-11-05T23:59:59.999Z"
0.00266996;0.00285141;0.00265495;0.00275341;39633173.34;349808435.4858236;"2020-11-10T23:59:59.999Z"
0.002773;0.00281344;0.00273905;0.00277541;25131683.16;352792281.32812744;"2020-11-15T23:59:59.999Z"
0.0029091;0.00295967;0.00286789;0.00291104;40330643.4;370193341.8557572;"2020-11-19T23:59:59.999Z"
0.00364463;0.00420434;0.00357915;0.00420366;266716035.58;534864218.3075415;"2020-11-24T23:59:59.999Z"
0.00340482;0.0035301;0.00335794;0.00344778;46319971.5;438924851.9554455;"2020-11-29T23:59:59.999Z"
0.00337518;0.00349978;0.00335193;0.00342761;47907031.9;436544288.33300114;"2020-12-03T23:59:59.999Z"
0.00334307;0.00336063;0.00313779;0.00317934;52702701.21;405143760.3333905;"2020-12-08T23:59:59.999Z"
0.00316358;0.00327413;0.00315334;0.00325587;37464322.69;415120509.7089851;"2020-12-13T23:59:59.999Z"
0.00341616;0.00411293;0.00340598;0.0037298;172736659.44;475751448.93726385;"2020-12-17T23:59:59.999Z"
0.00478448;0.00484255;0.00436991;0.00450782;239288785.27;575304224.6716429;"2020-12-22T23:59:59.999Z"
0.00449345;0.00480475;0.00442851;0.00454771;154526398.65;580710699.3485174;"2020-12-27T23:59:59.999Z"
0.00468094;0.00568496;0.00461528;0.00568496;228961514.87;726323310.6655002;"2021-01-01T23:59:59.999Z"
0.00976688;0.01021856;0.00897184;0.0099204;687256066.66;1268003963.9313724;"2021-01-05T23:59:59.999Z"
0.01019315;0.01086724;0.00917681;0.00985959;458583518.71;1260915513.9332483;"2021-01-10T23:59:59.999Z"
0.00938877;0.00979644;0.00845975;0.00936903;398965924.69;1198824804.936559;"2021-01-15T23:59:59.999Z"
0.00917244;0.00961333;0.00901992;0.0090982;249242631.69;1164676216.010519;"2021-01-19T23:59:59.999Z"
0.00857834;0.00895097;0.00851582;0.00872708;162191977.19;1117773114.715813;"2021-01-24T23:59:59.999Z"
0.04373372;0.07797325;0.03234054;0.04716157;25403310432.42;6043762705.83;"2021-01-29T23:59:59.999Z"
0.03491033;0.0349257;0.02919459;0.03152025;3090896594.91;4041088459.08;"2021-02-02T23:59:59.999Z"
0.05750161;0.08435716;0.0542393;0.07878179;14261024073.31;10105792829.49;"2021-02-07T23:59:59.999Z"
0.06965016;0.07261018;0.06144501;0.07006853;4190843783.52;8992978136.15;"2021-02-12T23:59:59.999Z"
0.0564875;0.05966752;0.05098287;0.05352025;3409478695.84;6872026263.25;"2021-02-16T23:59:59.999Z"
0.05436871;0.05842831;0.05355587;0.05597983;2450293068.34;7191635971.59;"2021-02-21T23:59:59.999Z"
0.0501381;0.0524721;0.04870779;0.05047986;1694323465.91;6488523368.56;"2021-02-26T23:59:59.999Z"
0.05059612;0.05238174;0.04929915;0.05026221;1346282317.9;6463312202.92;"2021-03-02T23:59:59.999Z"
0.05098004;0.0521409;0.05057226;0.05212174;945455831.79;6706005852.26;"2021-03-07T23:59:59.999Z"
0.05592092;0.05697972;0.05451291;0.05534893;1287767220.56;7125032152.37;"2021-03-12T23:59:59.999Z"
0.05860954;0.0588661;0.05647126;0.05765313;861926642.56;7425583379.9;"2021-03-17T23:59:59.999Z"
0.05897036;0.05952117;0.05679761;0.05723426;759592995.98;7374772307.98;"2021-03-21T23:59:59.999Z"
0.05143346;0.05402847;0.05133141;0.05395158;776280028.32;6955497857.42;"2021-03-26T23:59:59.999Z"
0.05390236;0.05446842;0.05226941;0.05365728;653389282.39;6921249082.18;"2021-03-31T23:59:59.999Z"
0.05577593;0.05810663;0.05529456;0.0574037;938035097.27;7407664647.51;"2021-04-04T23:59:59.999Z"
0.06146255;0.06390983;0.06029608;0.06168375;1060465773.63;7964226154.64;"2021-04-09T23:59:59.999Z"
0.09425563;0.14250981;0.09245176;0.12151736;20977679327.31;15697925270.57;"2021-04-14T23:59:59.999Z"
0.28510492;0.34991834;0.24644026;0.32047533;23464350388.44;41417581075.57;"2021-04-18T23:59:59.999Z"
0.26102259;0.26837765;0.1636686;0.24850933;16165566164.21;32134070797.02;"2021-04-23T23:59:59.999Z"
0.27227263;0.34466233;0.25623111;0.32368163;14464343767.19;41876610358.69;"2021-04-28T23:59:59.999Z"
0.39108719;0.40002878;0.36487366;0.3760461;8040406917.81;48672985630.28;"2021-05-02T23:59:59.999Z"
0.5811097;0.73197154;0.52017412;0.68477698;28615083656.92;88680824303.07;"2021-05-07T23:59:59.999Z"
0.49374215;0.51997503;0.38537602;0.38537602;8621337859.47;49932901318.52;"2021-05-12T23:59:59.999Z"
0.50790986;0.54814535;0.45102325;0.51489521;9541552063.81;66742824281.73;"2021-05-16T23:59:59.999Z"
0.39812371;0.41197455;0.31476616;0.35938192;7452862202.61;46609753575.48;"2021-05-21T23:59:59.999Z"
0.34639616;0.36591973;0.33885732;0.35369307;3355793259.87;45896157271.11;"2021-05-26T23:59:59.999Z"
0.30296943;0.31032434;0.28768016;0.30222359;1929947932.87;39232589725.88;"2021-05-30T23:59:59.999Z"
0.40098194;0.40098194;0.35144232;0.37632255;5889983047.61;48877461704.78;"2021-06-04T23:59:59.999Z"
0.32642343;0.353762;0.31313147;0.34333093;3154332929.24;44616868085.87;"2021-06-09T23:59:59.999Z"
0.32390277;0.33692666;0.32008656;0.33208479;1613812022.94;43173647089.37;"2021-06-14T23:59:59.999Z"
0.30642788;0.30775155;0.28048082;0.29347221;1846213588.84;38174078174.69;"2021-06-18T23:59:59.999Z"
0.19067143;0.24711037;0.18097941;0.23217351;5098674891.27;30217348680.34;"2021-06-23T23:59:59.999Z"
0.26491829;0.26698212;0.25076178;0.2568567;1932994784.29;33446496884.58;"2021-06-28T23:59:59.999Z"
0.24398217;0.24799679;0.23884833;0.24526382;1321470954.37;31949253278.16;"2021-07-02T23:59:59.999Z"
0.234301;0.23785114;0.22257565;0.22412644;1148903687.76;29213771028.56;"2021-07-07T23:59:59.999Z"
0.21601017;0.21896509;0.2045059;0.20804765;973602708.16;27131951859.53;"2021-07-12T23:59:59.999Z"
0.18523821;0.18832197;0.17161241;0.17234527;1144730187.32;22485395252.6;"2021-07-16T23:59:59.999Z"
0.17052687;0.2142102;0.16871899;0.19034875;4433688119.72;24847259522.89;"2021-07-21T23:59:59.999Z"
0.19802958;0.23276676;0.19706268;0.20441896;4863225852.06;26697377235.79;"2021-07-26T23:59:59.999Z"
0.20502274;0.21064301;0.19653486;0.20882051;1523981522;27283032724.21;"2021-07-30T23:59:59.999Z"
0.1963121;0.20311012;0.19445038;0.20149014;1095300718.26;26338112359.09;"2021-08-04T23:59:59.999Z"
0.24012188;0.26626512;0.23141031;0.25689687;4607903346.28;33598450960.93;"2021-08-09T23:59:59.999Z"
0.26424898;0.28718754;0.26190714;0.28680801;3565092106.34;37526158135.02;"2021-08-13T23:59:59.999Z"
0.2992033;0.32422709;0.28201626;0.30373878;6347995770.35;39762275951.02;"2021-08-18T23:59:59.999Z"
0.31492642;0.32809391;0.31336844;0.31791399;2836628655.14;41639590273.88;"2021-08-23T23:59:59.999Z"
0.29463127;0.29917012;0.2832726;0.28562899;1534807297.95;37431722049;"2021-08-28T23:59:59.999Z"
0.27806189;0.29488936;0.27352598;0.29440085;1937809621.71;38596297312.76;"2021-09-01T23:59:59.999Z"
0.3143148;0.31975058;0.30045122;0.30876532;2611846129.36;40500682556.03;"2021-09-06T23:59:59.999Z"
0.23982631;0.24801783;0.23848652;0.24143193;1196337688.96;31685950200.83;"2021-09-11T23:59:59.999Z"
0.2405903666;0.2483223335;0.2392147774;0.2476969666;980188820.2;32521833771.87;"2021-09-15T23:59:59.999Z"
0.2331608181;0.2336063269;0.2000224499;0.2070708749;2244003542.4;27203107588.53;"2021-09-20T23:59:59.999Z"
0.2093483585;0.2126041994;0.2048747883;0.208640221;1067132276.93;27422234955.37;"2021-09-25T23:59:59.999Z"
0.1969803927;0.2041436421;0.1950416623;0.1988757335;926737134.7;26149714476.91;"2021-09-29T23:59:59.999Z"
0.2219295775;0.2479241982;0.2132844486;0.240852072;3684051106.46;31685535495.81;"2021-10-04T23:59:59.999Z"
0.2434953531;0.2519656333;0.2417567188;0.2465955385;1484990032.91;32457934030.57;"2021-10-09T23:59:59.999Z"
0.2261749185;0.2339430237;0.221061028;0.23257197;1457486924.02;30624714119.36;"2021-10-13T23:59:59.999Z"
0.2378058698;0.2713939995;0.237487891;0.2472809397;5003365532.88;32578462312.09;"2021-10-18T23:59:59.999Z"
0.2445143571;0.2531402972;0.241589298;0.2517325267;1502684866.92;33181970118.65;"2021-10-23T23:59:59.999Z"
0.2558362513;0.2633168239;0.2203278747;0.2376896336;5022822845.73;31345412555.48;"2021-10-27T23:59:59.999Z"
0.2801226782;0.2855511118;0.2640893892;0.2717277678;2784956027.04;35852731431.07;"2021-11-01T23:59:59.999Z"
0.2612638842;0.2676971731;0.2505211419;0.2618981157;1353526462.28;34573523024.55;"2021-11-06T23:59:59.999Z"
0.2557048564;0.269964827;0.2532832371;0.2611666895;1628781434.72;34493067257.77;"2021-11-11T23:59:59.999Z"
0.2628700169;0.2651698905;0.256366879;0.2565289421;1028469310.4;33894398676.54;"2021-11-15T23:59:59.999Z"
0.2331740356;0.2359532058;0.2254507062;0.2330239328;805305659.57;30804609034.78;"2021-11-20T23:59:59.999Z"
0.2171320068;0.2288099895;0.2143170134;0.2163261623;1344826632.43;28609064078.54;"2021-11-25T23:59:59.999Z"
0.2074435712;0.2236919169;0.2032517596;0.2151752376;1869737827.23;28471528061.68;"2021-11-29T23:59:59.999Z"
0.2003557909;0.2005620841;0.1328261338;0.1788532393;4388513695.6;23677691148;"2021-12-04T23:59:59.999Z"
0.1789612168;0.1818904814;0.1694842229;0.1694842229;1071039221.14;22448852701.7;"2021-12-09T23:59:59.999Z"
0.1698795559;0.1706152204;0.1519959;0.1575649016;968464044.74;20878641253.24;"2021-12-13T23:59:59.999Z"
0.1691001922;0.1748738654;0.1662437255;0.1723999767;658993272.13;22856139974.72;"2021-12-18T23:59:59.999Z"
0.1732087425;0.1845218586;0.1717397666;0.1844903876;1184481682.94;24471601383.84;"2021-12-23T23:59:59.999Z"
0.1899857734;0.1929227852;0.187239224;0.1877054252;666773423.35;24903022221.76;"2021-12-27T23:59:59.999Z"
0.1705104824;0.1734230407;0.1703534229;0.1730353736;371336089.01;22956735266.08;"2022-01-01T23:59:59.999Z"
0.1594360084;0.1617061743;0.1551422172;0.1602131525;715345644.93;21255601395.75;"2022-01-06T23:59:59.999Z"
0.1510727856;0.1521353936;0.1398404793;0.1433593824;763684872.99;19019598832.5;"2022-01-10T23:59:59.999Z"
0.1836439197;0.1935995402;0.1826757313;0.1851025174;1878282290.46;24557692457.72;"2022-01-15T23:59:59.999Z"
0.1623463637;0.1688463977;0.1551764551;0.1552038015;469269657.83;20591006964.87;"2022-01-20T23:59:59.999Z"
0.1377835794;0.1472361181;0.1332347701;0.1430487356;1347567749.97;18978385082.75;"2022-01-25T23:59:59.999Z"
0.1416494869;0.1439838206;0.1414796968;0.1430556833;397610775.98;18979306846.35;"2022-01-29T23:59:59.999Z"
0.1372128088;0.1387468701;0.1355654411;0.1375405736;383506507.14;18247613016.72;"2022-02-03T23:59:59.999Z"
0.1656060293;0.1691454761;0.1537087128;0.1584053677;1190115999.8;21015761197.96;"2022-02-08T23:59:59.999Z"
0.1448564776;0.1470126289;0.1416776774;0.1444046767;602699407.7;19158278828.83;"2022-02-12T23:59:59.999Z"
0.1490495144;0.1498885844;0.1380713956;0.138552087;721382126.26;18381811283.05;"2022-02-17T23:59:59.999Z"
0.1284881998;0.1316964357;0.1253645622;0.1315526841;711967119.31;17453195149.43;"2022-02-22T23:59:59.999Z"
0.1275684912;0.1300711547;0.126199263;0.1276467427;535575653.7;16934990912.19;"2022-02-26T23:59:59.999Z"
0.1329979584;0.1336490822;0.1278104744;0.1296101875;518193385.5;17195482632.31;"2022-03-03T23:59:59.999Z"
0.1171063759;0.1197240635;0.1158377223;0.1170292932;491414293.54;15526365774.9;"2022-03-08T23:59:59.999Z"
0.1156078096;0.117238623;0.1151319332;0.1151357159;235277000.72;15275143421.65;"2022-03-12T23:59:59.999Z"
0.1169065531;0.1187095733;0.1162808322;0.1165019203;412838813.5;15456398814.97;"2022-03-17T23:59:59.999Z"
0.119332675;0.1253499015;0.1190143311;0.122481207;610507111.2;16249675347.47;"2022-03-22T23:59:59.999Z"
0.1310103614;0.1364953343;0.1298782236;0.1358675316;610401998.44;18025649264.32;"2022-03-26T23:59:59.999Z"
0.1431838112;0.14722014;0.1371724636;0.1378260661;1055136949.03;18285489531.53;"2022-03-31T23:59:59.999Z"
0.1486140359;0.1780452803;0.1477269909;0.1729065303;5230288678.22;22939641521.21;"2022-04-05T23:59:59.999Z"
0.1443041701;0.1569718791;0.1438632708;0.1495351746;1931829669.46;19838945900.66;"2022-04-10T23:59:59.999Z"
0.1400528426;0.1466329187;0.1381012117;0.1439201212;1759067760.98;19093992476.17;"2022-04-14T23:59:59.999Z"
0.1402967106;0.1441411301;0.1394996224;0.1426649312;679511646.67;18927465460.24;"2022-04-19T23:59:59.999Z"
0.1342018388;0.1346904144;0.1315021716;0.1319469379;436620221.36;17505501096.18;"2022-04-24T23:59:59.999Z"
0.1396910818;0.1426177164;0.1360581439;0.137362613;1105137505.53;18224002849.92;"2022-04-28T23:59:59.999Z"
0.1309348248;0.131832849;0.127398668;0.1295200736;555706527.27;17183527162.46;"2022-05-03T23:59:59.999Z"
0.1275265519;0.1280165649;0.1239742166;0.1242071795;728953160.63;16478661440.15;"2022-05-08T23:59:59.999Z"
0.0846360134;0.0890281495;0.0700366682;0.0826709816;2631064082.53;10968022313.45;"2022-05-12T23:59:59.999Z"
0.0878360286;0.0911121222;0.0874839788;0.0902131563;560800172.92;11968648399.93;"2022-05-17T23:59:59.999Z"
0.0844482628;0.0864795401;0.0840578431;0.0861052063;375026021.01;11423643528.01;"2022-05-22T23:59:59.999Z"
0.0829944431;0.083599949;0.0760652204;0.0782516454;711890872.7;10381705601.83;"2022-05-26T23:59:59.999Z"
0.0878654623;0.0882298881;0.0836124813;0.0858646316;672444587.72;11391726302.2;"2022-05-31T23:59:59.999Z"
0.0817756814;0.082138055;0.0808360486;0.0812289283;282624183.53;10776704001.94;"2022-06-05T23:59:59.999Z"
0.079436348;0.0808979725;0.0790815447;0.0793364824;274673851.86;10525631751.28;"2022-06-09T23:59:59.999Z"
0.0539409775;0.0581543301;0.0502668546;0.0555917492;908921328.98;7375399854.61;"2022-06-14T23:59:59.999Z"
0.0530072912;0.0624720702;0.0513075222;0.0603956501;1166163984.05;8012737056.9;"2022-06-19T23:59:59.999Z"
0.0617026497;0.064615349;0.0617026497;0.0640323566;434169751.2;8495221692.01;"2022-06-23T23:59:59.999Z"
0.0722211791;0.0729512593;0.0657227259;0.0659567275;534793982.77;8750529447.15;"2022-06-28T23:59:59.999Z"
0.0666981648;0.067356198;0.0651108163;0.0671794421;280878240.1;8912747929.93;"2022-07-03T23:59:59.999Z"
0.0706180595;0.0730085443;0.0685407317;0.0692570052;444369732.79;9188379817.54;"2022-07-08T23:59:59.999Z"
0.0618506823;0.0628613281;0.0600868231;0.0600868231;298462082.88;7971764742.53;"2022-07-12T23:59:59.999Z"
0.0642881883;0.0653942993;0.0631010181;0.06310732;249697026.13;8372496381.55;"2022-07-17T23:59:59.999Z"
0.0699703838;0.0712704456;0.0670032826;0.0675632016;479456105.2;8963661596.75;"2022-07-22T23:59:59.999Z"
0.0623194657;0.0625120984;0.0604245484;0.0625120984;416488015.08;8293527878.37;"2022-07-26T23:59:59.999Z"
0.0696422617;0.0720276416;0.0680542614;0.068272227;521194035.39;9057728540.13;"2022-07-31T23:59:59.999Z"
0.0673334929;0.0701171597;0.0672555678;0.0697646521;336216726.9;9255729716.69;"2022-08-05T23:59:59.999Z"
0.0700614114;0.0738864374;0.0684624118;0.0691251871;611327141.64;9170891403.84;"2022-08-09T23:59:59.999Z"
0.0728560628;0.0840127002;0.0727539915;0.0816871392;1530403446.95;10837495194.11;"2022-08-14T23:59:59.999Z"
0.0750445671;0.075183382;0.0675357062;0.0679390569;965543533.39;9013526602.56;"2022-08-19T23:59:59.999Z"
0.0683945567;0.069168531;0.0672131599;0.0687695546;335476542.7;9123709367.86;"2022-08-23T23:59:59.999Z"
0.0635576928;0.0642681083;0.0617857646;0.0617857646;295086067.19;8197164607.5;"2022-08-28T23:59:59.999Z"
0.062372438;0.0627121786;0.0609468457;0.0616349995;273453013.22;8177162497.1;"2022-09-02T23:59:59.999Z"
0.0627502039;0.064641738;0.0586517643;0.0589833142;471485707.56;7825361372.58;"2022-09-06T23:59:59.999Z"
0.064771139;0.0651874271;0.0630099209;0.0637139707;327741964.01;8452981187.22;"2022-09-11T23:59:59.999Z"
0.058791772;0.0604230542;0.05845256;0.0604230542;247011315.23;8016372777.34;"2022-09-16T23:59:59.999Z"
0.0584233917;0.0604783493;0.056378327;0.0574038622;406017754.18;7615814270.57;"2022-09-21T23:59:59.999Z"
0.0632234254;0.0636787458;0.0604565934;0.0611519277;367453954.7;8113072988.22;"2022-09-25T23:59:59.999Z"
0.0607379415;0.0620399273;0.0599584794;0.0616527597;369084721.8;8179518753.24;"2022-09-30T23:59:59.999Z"
0.0659382653;0.0664645931;0.062996967;0.064734586;606625264.47;8588387007.4;"2022-10-05T23:59:59.999Z"
0.0616717366;0.0623416521;0.0612917849;0.0621555773;158280271.65;8246227943.44;"2022-10-09T23:59:59.999Z"
0.0596657702;0.0609431652;0.0583149998;0.0586433324;242691428.83;7780255732.24;"2022-10-14T23:59:59.999Z"
0.0597785415;0.0606799516;0.0586276519;0.0587131205;287297160.48;7789514566.91;"2022-10-19T23:59:59.999Z"
0.0596827934;0.060379439;0.0589273668;0.0603473412;182523574.88;8006327876.97;"2022-10-23T23:59:59.999Z"
0.0770276958;0.0879008189;0.0729303823;0.0838971185;3172500998.46;11130694833.37;"2022-10-28T23:59:59.999Z"
0.1425237945;0.1473906527;0.124066513;0.1278297239;4675647398.38;16959267167.57;"2022-11-02T23:59:59.999Z"
0.1243820381;0.1267016508;0.1136340373;0.114606433;1316810627.65;15204923054.18;"2022-11-06T23:59:59.999Z"
0.0897793505;0.0918646535;0.0813972087;0.0848850517;1305192049.72;11261764685.01;"2022-11-11T23:59:59.999Z"
0.0869636407;0.0906588063;0.083986274;0.0855825857;712826081.34;11354307055.88;"2022-11-16T23:59:59.999Z"
0.0845821198;0.0856819919;0.0770428087;0.0771738808;499031478.35;10238717743.27;"2022-11-20T23:59:59.999Z"
0.0814686344;0.0909901217;0.0809367188;0.0894753132;1022484210.26;11870758193.95;"2022-11-25T23:59:59.999Z"
0.101827391;0.1089421455;0.1003041583;0.1068597972;1388624553.8;14177170962.69;"2022-11-30T23:59:59.999Z"
0.1042522251;0.111012155;0.1000627895;0.1014741922;1051327257.21;13462658633.24;"2022-12-05T23:59:59.999Z"
0.0985379743;0.0990864853;0.0960005052;0.0966622531;423432535.33;12824254996.61;"2022-12-09T23:59:59.999Z"
0.0909582873;0.0922401444;0.086936165;0.0869674775;575738251.73;11538041705;"2022-12-14T23:59:59.999Z"
0.0786481234;0.0793421409;0.0709129872;0.0714294431;581773248.93;9476598805.27;"2022-12-19T23:59:59.999Z"
0.0769610085;0.078637571;0.0767415902;0.0771285068;398842518.59;10232697941.69;"2022-12-23T23:59:59.999Z"
0.0737267283;0.073821039;0.0700518638;0.0703812989;496350490.96;9337540717.43;"2022-12-28T23:59:59.999Z"
0.0702247042;0.0724789503;0.0693582293;0.071453821;405800240.2;9479833048.3;"2023-01-02T23:59:59.999Z"
0.0715546468;0.0725697634;0.0703439457;0.0724696239;306914647.02;9614600393.96;"2023-01-06T23:59:59.999Z"
0.0777338076;0.0781812404;0.0751780969;0.0781534228;394318759;10368674340.55;"2023-01-11T23:59:59.999Z"
0.0861274607;0.0879039028;0.0823080004;0.0836359595;537067710.08;11096046663.49;"2023-01-16T23:59:59.999Z"
0.0816492176;0.0867602735;0.0807665925;0.0864029967;444441989.26;11463151612.43;"2023-01-20T23:59:59.999Z"
0.0839657335;0.087880199;0.0824460663;0.0865939967;542521009.7;11488491727.73;"2023-01-25T23:59:59.999Z"
0.0902213018;0.091837389;0.0853990146;0.0883369246;787132770.53;11719727298.04;"2023-01-30T23:59:59.999Z"
0.0909838783;0.093208908;0.0906673979;0.0929868454;548668917.23;12336635854.33;"2023-02-03T23:59:59.999Z"
0.0925644873;0.0931384019;0.0891685504;0.0901561462;462925886.55;11961084825.86;"2023-02-08T23:59:59.999Z"
0.0821435457;0.0862049079;0.0799778131;0.0821555239;752090969.29;10899636149.1;"2023-02-13T23:59:59.999Z"
0.0877586971;0.0898215046;0.0869742962;0.0889268798;397918582.35;11797997108.66;"2023-02-18T23:59:59.999Z"
0.0854181128;0.0874643129;0.0832534102;0.0855336972;765182581.69;11347820986.41;"2023-02-22T23:59:59.999Z"
0.082201806;0.082201806;0.0802035679;0.0813544994;267030812.63;10793363609.94;"2023-02-27T23:59:59.999Z"
0.0767778527;0.07715508;0.0730997633;0.074556387;267382234.47;9891452842.18;"2023-03-04T23:59:59.999Z"
0.0740478427;0.0742353365;0.0707667328;0.0711299131;321627781.59;9436859932.33;"2023-03-08T23:59:59.999Z"
0.0710003842;0.0737261053;0.0685139807;0.0730406448;537268873.13;9690358172.95;"2023-03-13T23:59:59.999Z"
0.076510189;0.0787639802;0.0729460233;0.0730495113;517840652.87;9691534500.17;"2023-03-18T23:59:59.999Z"
0.0768702281;0.0776431393;0.0721344789;0.0739989071;693511781.07;9817491556.09;"2023-03-22T23:59:59.999Z"
0.0744258762;0.075830974;0.0717561314;0.0728945262;435284209.77;9670972504.8;"2023-03-27T23:59:59.999Z"
0.0770245671;0.0852785595;0.0761435458;0.0840508043;933070184.76;11663497827.6;"2023-04-01T23:59:59.999Z"
0.0951678388;0.0989387786;0.0920844351;0.0928165136;1529520650.61;12884660000.73;"2023-04-05T23:59:59.999Z"
0.0832972829;0.0852722861;0.0824702755;0.0848516456;473882914.01;11784713830.87;"2023-04-10T23:59:59.999Z"
0.0887851787;0.0904470231;0.0876534301;0.0889743242;463978095.28;12363343258.78;"2023-04-15T23:59:59.999Z"
0.0939880104;0.0940213847;0.0868490602;0.0878677896;1277738666.09;12214345592.88;"2023-04-19T23:59:59.999Z"
0.0788186543;0.0799725097;0.077568798;0.0787836105;392854009.09;10956884702.9;"2023-04-24T23:59:59.999Z"
0.0803655666;0.0818456127;0.0803026047;0.0816302683;268639541.05;11358325019.01;"2023-04-29T23:59:59.999Z"